Kline open time,Open price,High price,Low price,Close price,Volume,Kline close time,Quote asset volume,Number of trades,Taker buy base asset volume,Taker buy quote asset volume,Ignore,time_idx
1.61E+12,35901.94,36415.31,33400,35468.23,89368.42292,1.61E+12,3126721094,2234539,42546.63408,1489289968,0,1
1.61E+12,35468.23,35600,30071,30850.13,135004.0767,1.61E+12,4386783587,2881505,63256.21045,2057240517,0,2
1.61E+12,30851.99,33826.53,28850,32945.17,142971.684,1.61E+12,4483295872,2707810,70150.18846,2201161570,0,3
1.61E+12,32950,33456,31390.16,32078,64595.28768,1.61E+12,2089098296,1700056,32680.77613,1057114175,0,4
1.61E+12,32078,33071,30900,32259.9,57978.03797,1.61E+12,1864609665,1528287,27826.1192,895721122,0,5
1.61E+12,32259.45,34875,31910,32254.2,88499.22692,1.61E+12,2958759289,2106548,44489.52413,1488432034,0,6
1.61E+12,32254.19,32921.88,30837.37,32467.77,84972.20691,1.61E+12,2708545364,2010392,42402.31292,1352678099,0,7
1.61E+12,32464.01,32557.29,29241.72,30366.15,95911.96171,1.61E+12,2958081422,2065953,46664.38164,1440079785,0,8
1.61E+12,30362.19,33783.98,29842.1,33364.86,92621.14562,1.61E+12,2953553214,2060660,46067.78233,1468956156,0,9
1.61E+12,33368.18,38531.9,31915.4,34252.2,231827.0056,1.61E+12,8195593336,4403349,116537.2478,4121941034,0,10
1.61E+12,34246.28,34933,32825,34262.88,84889.68134,1.61E+12,2884500063,2201040,42418.4671,1441981401,0,11
1.61E+12,34262.89,34342.69,32171.67,33092.98,68742.28038,1.61E+12,2289641046,1707064,32480.44736,1082502552,0,12
1.61E+12,33092.97,34717.27,32296.16,33526.37,82718.27688,1.61E+12,2791776658,1810492,41855.84149,1413158967,0,13
1.61E+12,33517.09,35984.33,33418,35466.24,78056.65988,1.61E+12,2716321896,1789672,39216.56311,1364790965,0,14
1.61E+12,35472.71,37662.63,35362.38,37618.87,80784.33366,1.61E+12,2951232788,1881740,39863.07506,1456248046,0,15
1.61E+12,37620.26,38708.27,36161.95,36936.66,92080.7359,1.61E+12,3452669022,2211866,45516.21369,1707710014,0,16
1.61E+12,36936.65,38310.12,36570,38290.24,66681.33428,1.61E+12,2509278292,1853253,32756.38503,1232713880,0,17
1.61E+12,38289.32,40955.51,38215.94,39186.94,98757.31118,1.61E+12,3922095149,2291646,52015.51336,2065180747,0,18
1.61E+12,39181.01,39700,37351,38795.69,84363.67976,1.61E+12,3256521384,1976357,40764.38896,1574482908,0,19
1.61E+12,38795.69,46794.45,37988.89,46374.87,138597.5369,1.61E+12,5881536977,3230961,72345.89157,3069313839,0,20
1.61E+12,46374.86,48142.19,44961.09,46420.42,115499.8617,1.61E+12,5386255398,3119034,57429.56435,2679451036,0,21
1.61E+12,46420.42,47310,43727,44807.58,97154.1822,1.61E+12,4431650130,2891592,47971.98573,2190231239,0,22
1.61E+12,44807.58,48678.9,43994.02,47969.51,89561.08145,1.61E+12,4185630934,2570949,46138.33674,2158335923,0,23
1.61E+12,47968.66,48985.8,46125,47287.6,85870.0357,1.61E+12,4080571909,2418841,41841.03914,1990472919,0,24
1.61E+12,47298.15,48150,46202.53,47153.69,63768.0974,1.61E+12,3007710147,2058823,30996.30986,1462495400,0,25
1.61E+12,47156.78,49707.43,47014.17,48577.79,73735.47553,1.61E+12,3584808349,2090070,38752.15668,1884009921,0,26
1.61E+12,48580.47,49010.92,45570.79,47911.1,79398.15678,1.61E+12,3782219061,2313155,38176.36466,1819251656,0,27
1.61E+12,47911.1,50689.18,47003.62,49133.45,88813.2663,1.61E+12,4349983778,2199849,45608.60384,2236524605,0,28
1.61E+12,49133.45,52618.74,48947,52119.71,85743.63782,1.61E+12,4365831515,2514374,45055.44624,2294099235,0,29
1.61E+12,52117.67,52530,50901.9,51552.6,60758.04695,1.61E+12,3149973077,1891592,28893.35862,1498231636,0,30
1.61E+12,51552.61,56368,50710.2,55906,79659.77802,1.61E+12,4251167828,2339215,40556.02025,2164871310,0,31
1.61E+12,55906,57700.46,53863.93,55841.19,80948.20531,1.61E+12,4551890860,2642846,38636.06627,2172833878,0,32
1.61E+12,55841.19,58352.8,55477.59,57408.57,58166.70851,1.61E+12,3317998263,1950533,29506.08909,1683107088,0,33
1.61E+12,57412.35,57508.47,47622,54087.67,134019.4349,1.61E+12,7213386720,3313083,63677.66198,3427217155,0,34
1.61E+12,54087.67,54183.59,44892.56,48891,169375.0251,1.61E+12,8215839131,3825196,82464.14299,4002195292,0,35
1.61E+12,48891,51374.99,46988.69,49676.2,91881.20925,1.61E+12,4574033001,2194532,45750.71483,2278566606,0,36
1.61E+12,49676.21,52041.73,46674.34,47073.73,83310.67312,1.61E+12,4152188728,2305679,40610.66476,2026068518,0,37
1.61E+12,47073.73,48424.11,44106.78,46276.87,109423.2007,1.61E+12,5086374533,2371766,53626.90462,2494190193,0,38
1.61E+12,46276.88,48394,45000,46106.43,66060.83429,1.61E+12,3105897439,1757720,31987.01965,1505012111,0,39
1.61E+12,46103.67,46638.46,43000,45135.66,83055.36904,1.61E+12,3708359965,1838345,40688.17185,1817797447,0,40
1.61E+12,45134.11,49790,44950.53,49587.03,85086.11165,1.61E+12,4057515795,2147223,42616.99436,2032566686,0,41
1.61E+12,49595.76,50200,47047.6,48440.65,64221.06214,1.61E+12,3120472070,1855583,31377.03808,1525145370,0,42
1.61E+12,48436.61,52640,48100.71,50349.37,81035.91371,1.61E+12,4109521258,2242131,40955.3684,2077586899,0,43
1.61E+12,50349.37,51773.88,47500,48374.09,82649.71683,1.61E+12,4079837241,2291936,40269.97789,1987955555,0,44
1.61E+12,48374.09,49448.93,46300,48751.71,78192.49637,1.61E+12,3727133105,2054216,38318.31038,1827025012,0,45
1.61E+12,48746.81,49200,47070,48882.2,44399.23424,1.62E+12,2143910705,1476474,21500.61562,1038365873,0,46
1.62E+12,48882.2,51450.03,48882.2,50971.75,55235.02803,1.62E+12,2778875909,1758101,27885.59696,1402782880,0,47
1.62E+12,50959.11,52402.78,49274.67,52375.17,66987.35966,1.62E+12,3400847931,1999401,33595.42957,1706117798,0,48
1.62E+12,52375.18,54895,51789.41,54884.5,71656.73708,1.62E+12,3861450965,2194398,35011.54109,1886844774,0,49
1.62E+12,54874.67,57387.69,53005,55851.59,84749.23894,1.62E+12,4700197563,2647284,42651.88741,2366856293,0,50
1.62E+12,55851.59,58150,54272.82,57773.16,81914.81286,1.62E+12,4612366201,2509970,40603.44967,2288704819,0,51
1.62E+12,57773.15,58081.51,54962.84,57221.72,73405.40605,1.62E+12,4162054726,2489931,35802.94146,2030616300,0,52
1.62E+12,57221.72,61844,56078.23,61188.39,83245.09135,1.62E+12,4933383453,2559002,44387.23192,2631390815,0,53
1.62E+12,61188.38,61724.79,58966.78,58968.31,52601.05275,1.62E+12,3176397574,1829769,25325.26705,1530051005,0,54
1.62E+12,58976.08,60633.43,54600,55605.2,102771.4273,1.62E+12,5874241052,2683815,49825.43835,2848907087,0,55
1.62E+12,55605.2,56938.29,53271.34,56900.75,77986.69436,1.62E+12,4304259208,2241208,37825.50149,2088111363,0,56
1.62E+12,56900.74,58974.73,54123.69,58912.97,70421.62084,1.62E+12,3960992972,2204296,34778.74578,1957825523,0,57
1.62E+12,58912.97,60129.97,57023,57648.16,66580.40668,1.62E+12,3900885761,2040947,32287.37991,1892327691,0,58
1.62E+12,57641,59468,56270.74,58030.01,52392.65296,1.62E+12,3052711148,1885830,25552.51122,1489274083,0,59
1.62E+12,58030.01,59880,57820.17,58102.28,44476.94178,1.62E+12,2616535093,1724131,22212.44672,1307023993,0,60
1.62E+12,58100.02,58589.1,55450.11,57351.56,48564.47027,1.62E+12,2774223130,1773546,23648.94168,1350989191,0,61
1.62E+12,57351.56,58430.73,53650,54083.25,62581.62617,1.62E+12,3527479514,1927345,30749.05903,1733579081,0,62
1.62E+12,54083.25,55830.9,53000,54340.89,59789.36543,1.62E+12,3264650775,1740349,29563.40974,1614722151,0,63
1.62E+12,54342.8,57200,51700,52303.65,83537.46502,1.62E+12,4583159614,2401988,39323.13007,2161386679,0,64
1.62E+12,52303.66,53287,50427.56,51293.78,87400.53454,1.62E+12,4536327185,2099425,42947.39773,2229351570,0,65
1.62E+12,51293.78,55073.46,51214.6,55025.59,63813.77469,1.62E+12,3397036141,1773150,31822.54524,1694326043,0,66
1.62E+12,55025.59,56700.36,53950,55817.14,50105.47506,1.62E+12,2767070176,1528776,24739.94847,1365965317,0,67
1.62E+12,55817.14,56559.75,54691.84,55777.63,39050.38751,1.62E+12,2178777329,1551283,19262.72594,1074959546,0,68
1.62E+12,55777.65,58405.82,54800.01,57635.47,67857.9374,1.62E+12,3877131110,1983437,34373.80456,1963800174,0,69
1.62E+12,57635.46,59368,57071.35,58746.57,55122.44312,1.62E+12,3221944107,1612744,27541.52668,1610812658,0,70
1.62E+12,58746.57,59800,56769,58740.55,60975.54267,1.62E+12,3575976084,1928224,31074.81319,1823822793,0,71
1.62E+12,58739.46,59490,57935.45,58720.44,47415.61722,1.62E+12,2789238880,1594431,22966.25674,1351151698,0,72
1.62E+12,58720.45,60200,58428.57,58950.01,47382.41878,1.62E+12,2811159761,1666356,23695.69515,1406393730,0,73
1.62E+12,58950.01,59791.72,56880,57051.94,47409.85211,1.62E+12,2783151686,1606805,23057.96702,1353960265,0,74
1.62E+12,57051.95,58492.85,56388,58202.01,41314.08197,1.62E+12,2380139011,1499113,20609.13416,1187123543,0,75
1.62E+12,58202.01,59272,56777.77,59129.99,54258.01579,1.62E+12,3155214764,2035877,27269.49269,1586344788,0,76
1.62E+12,59129.99,59495.24,57413.02,57991.15,54201.00073,1.62E+12,3166911557,1960513,26699.19787,1560539126,0,77
1.62E+12,57990.03,58655,55473,55953.45,71228.40566,1.62E+12,4053294016,2206433,34737.58216,1977438034,0,78
1.62E+12,55953.44,58153.31,55700,58077.52,44283.14702,1.62E+12,2531779683,1661080,22161.69051,1267126859,0,79
1.62E+12,58077.52,58894.9,57654,58142.54,40831.88491,1.62E+12,2378340697,1615962,20354.23446,1185679368,0,80
1.62E+12,58142.55,61500,57900.01,59769.13,69906.42412,1.62E+12,4197138552,2470398,36018.63757,2162858398,0,81
1.62E+12,59769.13,60699,59232.52,60002.43,41156.71539,1.62E+12,2462032927,1746102,20798.05878,1244349091,0,82
1.62E+12,59998.8,61300,59350.59,59860,56375.03712,1.62E+12,3393042868,1806298,27645.20115,1664588823,0,83
1.62E+12,59860.01,63777.77,59805.15,63575,82848.68875,1.62E+12,5154877375,2703735,41662.53303,2592724448,0,84
1.62E+12,63575.01,64854,61301,62959.53,82616.34399,1.62E+12,5239081228,2645625,40070.37753,2542171083,0,85
1.62E+12,62959.53,63800,62020,63159.98,51649.70034,1.62E+12,3248931738,1938028,25628.16838,1612303095,0,86
1.62E+12,63158.74,63520.61,60000,61334.8,91764.13988,1.62E+12,5647292670,2639940,43570.02315,2680750915,0,87
1.62E+12,61334.81,62506.05,59580.91,60006.66,58912.25613,1.62E+12,3605701811,2268816,28386.27411,1737722135,0,88
1.62E+12,60006.67,60499,50931.3,56150.01,124882.1318,1.62E+12,6949379727,3444089,59404.61681,3303953081,0,89
1.62E+12,56150.01,57526.81,54221.58,55633.14,78229.04227,1.62E+12,4398619581,2390527,38362.38498,2156617047,0,90
1.62E+12,55633.14,57076.24,53329.96,56425,72744.48215,1.62E+12,4037701392,2148820,35519.58973,1971916968,0,91
1.62E+12,56425,56757.91,53536.02,53787.63,66984.75691,1.62E+12,3704549579,2134946,32188.92949,1780065583,0,92
1.62E+12,53787.62,55521.48,50500,51690.96,104656.6313,1.62E+12,5594983857,2744621,50550.77147,2703745286,0,93
1.62E+12,51690.95,52131.85,47500,51125.14,132230.7807,1.62E+12,6571097317,2888237,63769.62125,3170392794,0,94
1.62E+12,51110.56,51166.22,48657.14,50047.84,55361.51257,1.62E+12,2762081003,1164985,26782.23301,1336607710,0,95
1.62E+12,50047.84,50567.91,46930,49066.77,58255.645,1.62E+12,2867858315,1475479,27767.33139,1367920872,0,96
1.62E+12,49066.76,54356.62,48753.44,54001.39,86310.80212,1.62E+12,4555688503,2174544,43183.93675,2277375507,0,97
1.62E+12,54001.38,55460,53222,55011.97,54064.03468,1.62E+12,2949719328,1568666,25631.07463,1398731801,0,98
1.62E+12,55011.97,56428,53813.16,54846.22,55130.45902,1.62E+12,3020242788,1830042,26762.03342,1466278915,0,99
1.62E+12,54846.23,55195.84,52330.94,53555,52486.01946,1.62E+12,2823220335,1763676,25339.7439,1362821168,0,100
1.62E+12,53555,57963,53013.01,57694.27,68578.91005,1.62E+12,3808187373,2267648,35634.12909,1978866536,0,101
1.62E+12,57697.25,58458.07,56956.14,57800.37,42600.35184,1.62E+12,2460342955,1743013,20574.81023,1188354972,0,102
1.62E+12,57797.35,57911.02,56035.25,56578.21,36812.87886,1.62E+12,2089763230,1371638,18172.89184,1031569632,0,103
1.62E+12,56578.21,58981.44,56435,57169.39,57649.93129,1.62E+12,3337604543,2102128,28536.05553,1652286174,0,104
1.62E+12,57169.39,57200,53046.69,53200.01,85324.6259,1.62E+12,4705402064,2492629,41029.68825,2262794504,0,105
1.62E+12,53205.05,58069.82,52900,57436.11,77263.92344,1.62E+12,4327994296,2378119,38729.47502,2170539512,0,106
1.62E+12,57436.11,58360,55200,56393.68,70181.67191,1.62E+12,3992289528,2459881,34248.89964,1949210282,0,107
1.62E+12,56393.68,58650,55241.63,57314.75,74542.74783,1.62E+12,4239374487,2361692,36877.60257,2097609397,0,108
1.62E+12,57315.49,59500,56900,58862.05,69709.90603,1.62E+12,4079553832,2311378,34329.69916,2009442623,0,109
1.62E+12,58866.53,59300,56235.66,58240.84,69806.11991,1.62E+12,4043552702,2170139,34301.05046,1987959542,0,110
1.62E+12,58240.83,59500,53400,55816.14,89586.34925,1.62E+12,5131782640,2575419,43057.97703,2468201498,0,111
1.62E+12,55816.14,56862.43,54370,56670.02,64329.54055,1.62E+12,3583030655,1911480,30880.82834,1720075588,0,112
1.62E+12,56670.02,58000.01,48600,49631.32,99842.78984,1.62E+12,5476115093,2676826,48299.826,2654897646,0,113
1.62E+12,49537.15,51367.19,46000,49670.97,147332.0021,1.62E+12,7303694689,3570506,71742.00336,3558735468,0,114
1.62E+12,49671.92,51483,48799.75,49841.45,80082.20431,1.62E+12,4015904915,2095860,37184.12886,1864162621,0,115
1.62E+12,49844.16,50700,46555,46762.99,89437.44936,1.62E+12,4350775847,2286791,42257.91846,2056302845,0,116
1.62E+12,46762.99,49795.89,43825.39,46431.5,114269.8128,1.62E+12,5367497608,2661295,53797.59088,2528671396,0,117
1.62E+12,46426.83,46686,42001,43538.04,166657.1727,1.62E+12,7346755532,3216821,80610.14658,3555755756,0,118
1.62E+12,43538.02,45799.29,42250.02,42849.78,116979.8608,1.62E+12,5146670283,2561165,55703.00041,2450848779,0,119
1.62E+12,42849.78,43584.9,30000,36690.09,354347.2432,1.62E+12,13477694935,6331062,168271.3473,6410032517,0,120
1.62E+12,36671.23,42451.67,34850,40526.64,203017.5969,1.62E+12,8019897067,4269898,100167.1264,3959645913,0,121
1.62E+12,40525.39,42200,33488,37252.01,202100.8883,1.62E+12,7713346610,3993336,94002.43141,3591749387,0,122
1.62E+12,37263.35,38829,35200.62,37449.73,126542.2437,1.62E+12,4730567648,2716691,63310.45201,2367081501,0,123
1.62E+12,37458.51,38270.64,31111.01,34655.25,217136.0466,1.62E+12,7431242463,4082004,104637.6594,3584259320,0,124
1.62E+12,34681.44,39920,34031,38796.29,161630.894,1.62E+12,5996773032,3510578,81584.82531,3031032099,0,125
1.62E+12,38810.99,39791.77,36419.62,38324.72,111996.2284,1.62E+12,4253519579,2508310,54153.53681,2057463610,0,126
1.62E+12,38324.72,40841,37800.44,39241.91,104780.7734,1.62E+12,4113717505,2432319,50485.07699,1983423342,0,127
1.62E+12,39241.92,40411.14,37134.27,38529.98,86547.15879,1.62E+12,3361413526,2102182,42256.0128,1641681554,0,128
1.62E+12,38529.99,38877.83,34684,35663.49,135377.6297,1.62E+12,4926260942,2659178,64327.28185,2341060689,0,129
1.62E+12,35661.79,37338.58,33632.76,34605.15,112663.0927,1.62E+12,3949843335,2169643,54284.19965,1904345669,0,130
1.62E+12,34605.15,36488,33379,35641.27,73535.38697,1.62E+12,2601994948,1559892,37406.8139,1324617923,0,131
1.62E+12,35641.26,37499,34153.84,37253.81,94160.73529,1.62E+12,3406047735,1896359,46337.9325,1677796724,0,132
1.62E+12,37253.82,37894.81,35666,36693.09,81234.66377,1.62E+12,2973928300,1760417,40291.83485,1475008291,0,133
1.62E+12,36694.85,38225,35920,37568.68,67587.3725,1.62E+12,2523462576,1530915,34328.49629,1281854475,0,134
1.62E+12,37568.68,39476,37170,39246.79,75889.10601,1.62E+12,2930945326,1949658,38664.29785,1493504668,0,135
1.62E+12,39246.78,39289.07,35555.15,36829,91317.79925,1.62E+12,3379399755,1926311,43105.97173,1595098153,0,136
1.62E+12,36829.15,37925,34800,35513.2,70459.62149,1.62E+12,2560547117,1463754,34397.77436,1249708171,0,137
1.62E+12,35516.07,36480,35222,35796.31,47650.20664,1.62E+12,1711857075,993430,23661.26064,850204250.8,0,138
1.62E+12,35796.31,36900,33300,33552.79,77574.95257,1.62E+12,2755673602,1532260,36431.56059,1295757612,0,139
1.62E+12,33556.96,34068.01,31000,33380.81,123251.189,1.62E+12,4030784325,2074885,60095.9902,1966354848,0,140
1.62E+12,33380.8,37534.79,32396.82,37388.05,136607.5975,1.62E+12,4794741674,2601479,68790.28927,2415789675,0,141
1.62E+12,37388.05,38491,35782,36675.72,109527.2849,1.62E+12,4062957162,2231430,53639.42402,1990486079,0,142
1.62E+12,36677.83,37680.4,35936.77,37331.98,78466.0053,1.62E+12,2903043643,1727645,39406.71922,1458619433,0,143
1.62E+12,37331.98,37463.63,34600.36,35546.11,87717.54999,1.62E+12,3132387327,1719650,42571.20531,1520432734,0,144
1.62E+12,35546.12,39380,34757,39020.57,86921.02556,1.62E+12,3208991522,1894103,45675.27362,1688611358,0,145
1.62E+12,39020.56,41064.05,38730,40516.29,108522.3919,1.62E+12,4320307647,2185089,53645.90874,2135285913,0,146
1.62E+12,40516.28,41330,39506.4,40144.04,80679.62284,1.62E+12,3247746714,1931890,39428.82973,1587381566,0,147
1.62E+12,40143.8,40527.14,38116.01,38349.01,87771.97694,1.62E+12,3450556042,2134897,42137.24225,1657135675,0,148
1.62E+12,38349,39559.88,37365,38092.97,79541.30712,1.62E+12,3065622530,1620210,37936.81267,1462729677,0,149
1.62E+12,38092.97,38202.84,35129.29,35819.84,95228.04294,1.62E+12,3507868126,1809253,44824.43657,1651613641,0,150
1.62E+12,35820.48,36457,34803.52,35483.72,68712.44946,1.62E+12,2453817535,1212278,33788.29335,1207082482,0,151
1.62E+12,35483.72,36137.72,33336,35600.16,89878.17085,1.62E+12,3124634337,1691871,44194.06739,1537385055,0,152
1.62E+12,35600.17,35750,31251.23,31608.93,168778.8732,1.62E+12,5545926078,2688993,81297.46975,2671033140,0,153
1.62E+12,31614.12,33298.78,28805,32509.56,204208.1798,1.62E+12,6406159197,3113977,99149.18227,3115465363,0,154
1.62E+12,32509.56,34881,31683,33678.07,126966.1006,1.62E+12,4282250434,2026228,63340.03314,2136458766,0,155
1.62E+12,33675.07,35298,32286.57,34663.09,86625.80426,1.62E+12,2925373222,1531230,43994.7083,1486960778,0,156
1.62E+12,34663.08,35500,31275,31584.45,116061.1304,1.62E+12,3846120543,2094932,55656.15625,1846078278,0,157
1.62E+12,31576.09,32730,30151,32283.65,107820.3753,1.62E+12,3376415452,1814051,52978.15926,1659918820,0,158
1.62E+12,32283.65,34749,31973.45,34700.34,96613.24421,1.62E+12,3199980158,1799875,48772.52918,1616348030,0,159
1.62E+12,34702.49,35297.71,33862.72,34494.89,82222.26782,1.62E+12,2837122780,1868627,40552.29218,1399861431,0,160
1.62E+12,34494.89,36600,34225.43,35911.73,90788.79622,1.63E+12,3233947792,1673802,45376.58763,1616093005,0,161
1.63E+12,35911.72,36100,34017.55,35045,77152.19763,1.63E+12,2688939291,1301036,37035.76967,1290873346,0,162
1.63E+12,35045,35057.57,32711,33504.69,71708.26611,1.63E+12,2410809595,1240681,34986.05502,1176002217,0,163
1.63E+12,33502.33,33977.04,32699,33786.55,56172.18138,1.63E+12,1870193042,1176457,27271.65801,908203511.3,0,164
1.63E+12,33786.54,34945.61,33316.73,34669.13,43044.57864,1.63E+12,1478423024,1078278,21331.87505,732586226.5,0,165
1.63E+12,34669.12,35967.85,34357.15,35286.51,43703.47579,1.63E+12,1544458212,1164970,21180.33507,748187394.2,0,166
1.63E+12,35288.13,35293.78,33125.55,33690.14,64123.87425,1.63E+12,2183406257,1109367,31489.85537,1071967415,0,167
1.63E+12,33690.15,35118.88,33532,34220.01,58210.59635,1.63E+12,1991691101,1184687,27801.95449,951269024,0,168
1.63E+12,34220.02,35059.09,33777.77,33862.12,53807.52168,1.63E+12,1857658028,1041416,27294.92393,941984588,0,169
1.63E+12,33862.11,33929.64,32077,32875.71,70136.48032,1.63E+12,2304973020,1257892,35104.65523,1152928340,0,170
1.63E+12,32875.71,34100,32261.07,33815.81,47153.9399,1.63E+12,1562958239,1236351,23660.0686,784288611.1,0,171
1.63E+12,33815.81,34262,33004.78,33502.87,34761.17547,1.63E+12,1171790111,865508,17012.7592,573638406.5,0,172
1.63E+12,33502.87,34666,33306.47,34258.99,31572.64745,1.63E+12,1070033013,952891,16434.53751,557336788.7,0,173
1.63E+12,34259,34678.43,32658.34,33086.63,48181.40376,1.63E+12,1620646741,1176847,22602.90731,759877911,0,174
1.63E+12,33086.94,33340,32202.25,32729.77,41126.36101,1.63E+12,1348583017,956053,19588.27851,642576716.6,0,175
1.63E+12,32729.12,33114.03,31550,32820.02,46777.82348,1.63E+12,1515692075,1123129,22516.48572,730009068.1,0,176
1.63E+12,32820.03,33185.25,31133,31880,51639.57635,1.63E+12,1652077965,1099367,24866.40579,795831015.7,0,177
1.63E+12,31874.49,32249.18,31020,31383.87,48499.86415,1.63E+12,1538342712,1067591,23963.74457,760274744.6,0,178
1.63E+12,31383.86,31955.92,31164.31,31520.07,34012.24213,1.63E+12,1072815966,883442,16649.05131,525240023.8,0,179
1.63E+12,31520.07,32435,31108.97,31778.56,35923.71619,1.63E+12,1140964366,760979,17554.18265,557709781.1,0,180
1.63E+12,31778.57,31899,30407.44,30839.65,47340.4685,1.63E+12,1470563282,846029,22709.51005,705480091.1,0,181
1.63E+12,30839.65,31063.07,29278,29790.35,61034.04902,1.63E+12,1821230700,1062139,28424.82505,847855259.1,0,182
1.63E+12,29790.34,32858,29482.61,32144.51,82796.26513,1.63E+12,2603140706,1415058,42584.67222,1338356406,0,183
1.63E+12,32144.51,32591.35,31708,32287.83,46148.09243,1.63E+12,1482763545,1000742,23274.51281,747848528.9,0,184
1.63E+12,32287.58,33650,31924.32,33634.09,50112.86363,1.63E+12,1631947003,1394786,25018.97708,815391041.2,0,185
1.63E+12,33634.1,34500,33401.14,34258.14,47977.55014,1.63E+12,1625046258,1196914,23937.61781,810983258,0,186
1.63E+12,34261.51,35398,33851.12,35381.02,47852.92831,1.63E+12,1646935553,1245775,24632.1493,848320775.4,0,187
1.63E+12,35381.02,40550,35205.78,37237.6,152452.5127,1.63E+12,5832475057,3330102,77191.34608,2953296773,0,188
1.63E+12,37241.33,39542.61,36383,39457.87,88397.26702,1.63E+12,3335658262,1938478,45137.30344,1703810516,0,189
1.63E+12,39456.61,40900,38772,40019.56,101344.5284,1.63E+12,4040889462,2631048,49019.13628,1954994215,0,190
1.63E+12,40019.57,40640,39200,40016.48,53998.43928,1.63E+12,2154190697,1428738,26700.92624,1065505375,0,191
1.63E+12,40018.49,42316.71,38313.23,42206.37,73602.78481,1.63E+12,2939833541,1797012,37730.42686,1509172746,0,192
1.63E+12,42206.36,42448,41000.15,41461.83,44849.79101,1.63E+12,1868285511,1565380,22844.24505,951887855.6,0,193
1.63E+12,41461.84,42599,39422.01,39845.44,53953.18633,1.63E+12,2227567271,1603964,25796.7538,1066579609,0,194
1.63E+12,39850.27,40480.01,38690,39147.82,50837.35195,1.63E+12,2010928004,1162878,24558.00534,971596720.9,0,195
1.63E+12,39146.86,39780,37642.03,38207.05,57117.43585,1.63E+12,2195360659,1379871,27683.4666,1064118782,0,196
1.63E+12,38207.04,39969.66,37508.56,39723.18,52329.35243,1.63E+12,2028792778,1220555,26804.21117,1039347052,0,197
1.63E+12,39723.17,41350,37332.7,40862.46,84343.75562,1.63E+12,3314527738,1913281,41673.12908,1638359890,0,198
1.63E+12,40862.46,43392.43,39853.86,42836.87,75753.94135,1.63E+12,3148022460,2223356,38278.00476,1591634314,0,199
1.63E+12,42836.87,44700,42446.41,44572.54,73396.74081,1.63E+12,3197407326,2258213,37355.62385,1627865924,0,200
1.63E+12,44572.54,45310,43261,43794.37,69329.0927,1.63E+12,3074924735,1857112,34099.15066,1512451140,0,201
1.63E+12,43794.36,46454.15,42779,46253.4,74587.88485,1.63E+12,3362870286,2130595,38464.60543,1735618667,0,202
1.63E+12,46248.87,46700,44589.46,45584.99,53814.64342,1.63E+12,2452485824,1951330,26592.36931,1212338435,0,203
1.63E+12,45585,46743.47,45341.14,45511,52734.90198,1.63E+12,2432788770,1862925,27064.39384,1248929299,0,204
1.63E+12,45510.67,46218.12,43770,44399,55266.10878,1.63E+12,2478758525,1623329,26765.08804,1200329051,0,205
1.63E+12,44400.06,47886,44217.39,47800,48239.37043,1.63E+12,2239435701,1804716,25367.98824,1177391788,0,206
1.63E+12,47799.99,48144,45971.03,47068.51,46114.35902,1.63E+12,2166461459,1849556,22999.52852,1080741766,0,207
1.63E+12,47068.5,47372.27,45500,46973.82,42110.71133,1.63E+12,1950753713,1580122,21129.91978,979120004.2,0,208
1.63E+12,46973.82,48053.83,45660,45901.29,52480.57401,1.63E+12,2462127630,1655378,25847.87244,1213162182,0,209
1.63E+12,45901.3,47160,44376,44695.95,57039.34163,1.63E+12,2616339598,1781303,27320.26181,1253906923,0,210
1.63E+12,44695.95,46000,44203.28,44705.29,54099.41599,1.63E+12,2439673266,1656723,28538.22373,1286718405,0,211
1.63E+12,44699.37,47033,43927.7,46760.62,53411.75392,1.63E+12,2416320067,1774382,27193.50515,1230827552,0,212
1.63E+12,46760.62,49382.99,46622.99,49322.47,56850.35223,1.63E+12,2721131744,1950404,29725.88511,1422944576,0,213
1.63E+12,49322.47,49757.04,48222,48821.87,46745.13658,1.63E+12,2290966131,2069725,23119.67379,1133342368,0,214
1.63E+12,48821.88,49500,48050,49239.22,37007.8878,1.63E+12,1807169840,1610192,18587.87755,907708162.1,0,215
1.63E+12,49239.22,50500,49029,49488.85,52462.54195,1.63E+12,2616721364,2143309,26218.97512,1307817635,0,216
1.63E+12,49488.85,49860,47600,47674.01,51014.59475,1.63E+12,2486079316,1692896,24702.92344,1203899650,0,217
1.63E+12,47674.01,49264.3,47126.28,48973.32,44655.83034,1.63E+12,2149442272,1559186,21796.87767,1049712097,0,218
1.63E+12,48973.32,49352.84,46250,46843.87,49371.27777,1.63E+12,2333900030,1532753,23686.5635,1120008932,0,219
1.63E+12,46843.86,49149.93,46348,49069.9,42068.10497,1.63E+12,2007071230,1320503,21727.05079,1036769756,0,220
1.63E+12,49069.9,49299,48346.88,48895.35,26681.06379,1.63E+12,1303966036,793012,13895.76368,679193791.6,0,221
1.63E+12,48895.35,49632.27,47762.54,48767.83,32652.28347,1.63E+12,1588661416,1193046,16157.0431,786599088.7,0,222
1.63E+12,48767.84,48888.61,46853,46982.91,40288.35083,1.63E+12,1932344431,1204012,19637.84056,942218565,0,223
1.63E+12,46982.91,48246.11,46700,47100.89,48645.52737,1.63E+12,2303799571,1300400,24426.21235,1156878831,0,224
1.63E+12,47100.89,49156,46512,48810.52,49904.65528,1.63E+12,2386074445,1280384,25102.36864,1200480555,0,225
1.63E+12,48810.51,50450.13,48584.06,49246.64,54410.77054,1.63E+12,2704192315,1549849,28351.80723,1409412062,0,226
1.63E+12,49246.63,51000,48316.84,49999.14,59025.64416,1.63E+12,2949574478,1645163,29625.44338,1481238133,0,227
1.63E+12,49998,50535.69,49370,49915.64,34664.65959,1.63E+12,1733527136,1225830,16739.70385,837225473.7,0,228
1.63E+12,49917.54,51900,49450,51756.88,40544.83587,1.63E+12,2049212026,1417660,21557.23586,1090239907,0,229
1.63E+12,51756.88,52780,50969.33,52663.9,49249.66708,1.63E+12,2549290983,1678015,24620.35253,1274643404,0,230
1.63E+12,52666.2,52920,42843.05,46863.73,123048.8027,1.63E+12,6004105773,3321711,57935.60198,2832268574,0,231
1.63E+12,46868.57,47340.99,44412.02,46048.31,65069.3152,1.63E+12,3000605794,1796101,31796.7476,1466544608,0,232
1.63E+12,46048.31,47399.97,45513.08,46395.14,50651.66002,1.63E+12,2351862984,1567586,24183.38803,1122994691,0,233
1.63E+12,46395.14,47033,44132.29,44850.91,49048.26618,1.63E+12,2243698626,1569941,24358.59799,1114490734,0,234
1.63E+12,44842.2,45987.93,44722.22,45173.69,30440.4081,1.63E+12,1380370764,1060890,14804.3426,671123069.6,0,235
1.63E+12,45173.68,46460,44742.06,46025.24,32094.28052,1.63E+12,1464780920,1179808,15735.45104,718436012.8,0,236
1.63E+12,46025.23,46880,43370,44940.73,65429.15056,1.63E+12,2930668118,1703512,32041.05972,1435586959,0,237
1.63E+12,44940.72,47250,44594.44,47111.52,44855.85099,1.63E+12,2072259519,1210258,22182.46649,1025156548,0,238
1.63E+12,47103.28,48500,46682.32,48121.41,43204.71174,1.63E+12,2056996399,1176050,20903.53535,995198313.7,0,239
1.63E+12,48121.4,48557,47021.1,47737.82,40725.08895,1.63E+12,1948447233,1176129,19907.79151,952502982.8,0,240
1.63E+12,47737.81,48150,46699.56,47299.98,34461.92776,1.63E+12,1637122049,1033968,16599.46162,788563444.4,0,241
1.63E+12,47299.98,48843.2,47035.56,48292.74,30906.47038,1.63E+12,1491461628,976346,15219.90487,734476256.1,0,242
1.63E+12,48292.75,48372.83,46829.18,47241.75,29847.24349,1.63E+12,1421642879,909785,14346.79979,683249734.1,0,243
1.63E+12,47241.75,47347.25,42500,43015.62,78003.52444,1.63E+12,3457139274,1842231,36108.36295,1600107749,0,244
1.63E+12,43016.64,43639,39600,40734.38,84534.08049,1.63E+12,3551997787,1820721,38942.74356,1637800329,0,245
1.63E+12,40734.09,44000.55,40565.39,43543.61,58349.05542,1.63E+12,2482639472,1304011,29321.5066,1248027083,0,246
1.63E+12,43546.37,44978,43069.09,44865.26,48699.57655,1.63E+12,2147211305,1196106,24503.00365,1080404500,0,247
1.63E+12,44865.26,45200,40675,42810.57,84113.42629,1.63E+12,3596718231,1819744,41952.77658,1794510964,0,248
1.63E+12,42810.58,42966.84,41646.28,42670.64,33594.57189,1.63E+12,1428238748,949787,16555.7295,703947971.4,0,249
1.63E+12,42670.63,43950,40750,43160.9,49879.99765,1.63E+12,2124657079,1374145,24762.74447,1055225792,0,250
1.63E+12,43160.9,44350,42098,42147.35,39776.84383,1.63E+12,1728912300,1001487,19307.85346,839585982.4,0,251
1.63E+12,42147.35,42787.38,40888,41026.54,43372.2624,1.63E+12,1816305388,1045389,20710.0903,867306872.2,0,252
1.63E+12,41025.01,42590,40753.88,41524.28,33511.53487,1.63E+12,1399625476,884909,16338.4266,682466342.8,0,253
1.63E+12,41524.29,44141.37,41410.17,43824.1,46381.22781,1.63E+12,2005486004,1197815,23348.93974,1009687948,0,254
1.63E+12,43820.01,48495,43283.03,48141.61,66244.87492,1.63E+12,3076094887,1771237,34156.88321,1585411525,0,255
1.63E+12,48141.6,48336.59,47430.18,47634.9,30508.98131,1.63E+12,1459064881,996116,15180.50362,726007609.2,0,256
1.63E+12,47634.89,49228.08,47088,48200.01,30825.05601,1.63E+12,1482764462,1114294,15426.81514,742443046.4,0,257
1.63E+12,48200.01,49536.12,46891,49224.94,46796.49372,1.63E+12,2258464361,1437692,23032.4914,1112232801,0,258
1.63E+12,49224.93,51886.3,49022.4,51471.99,52125.66793,1.63E+12,2618101829,1641651,26687.41046,1341045873,0,259
1.63E+12,51471.99,55750,50382.41,55315,79877.54518,1.63E+12,4236927265,2443126,40664.02752,2158326114,0,260
1.63E+12,55315,55332.31,53357,53785.22,54917.37766,1.63E+12,2983143121,1703147,26485.89849,1438826617,0,261
1.63E+12,53785.22,56100,53617.61,53951.43,46160.25785,1.63E+12,2522087625,1548832,22643.19334,1237799957,0,262
1.63E+12,53955.67,55489,53661.67,54949.72,55177.08013,1.63E+12,3024862791,1609483,27686.74749,1518044340,0,263
1.63E+12,54949.72,56561.31,54080,54659,89237.83613,1.63E+12,4923958325,2427176,44656.91575,2464422247,0,264
1.63E+12,54659.01,57839.04,54415.06,57471.35,52933.16575,1.63E+12,2994673618,1690409,26858.82901,1519825843,0,265
1.63E+12,57471.35,57680,53879,55996.93,53471.2855,1.63E+12,3017210683,1554412,26157.44247,1477084243,0,266
1.63E+12,55996.91,57777,54167.19,57367,55808.44492,1.63E+12,3123307687,1610489,27985.13207,1566812326,0,267
1.63E+12,57370.83,58532.54,56818.05,57347.94,43053.33678,1.63E+12,2481915792,1372048,21940.26498,1265138477,0,268
1.63E+12,57347.94,62933,56850,61672.42,82512.90802,1.63E+12,4959389369,2649137,43913.67633,2638969874,0,269
1.63E+12,61672.42,62378.42,60150,60875.57,35467.88096,1.63E+12,2173374059,1360379,17286.46284,1059536458,0,270
1.63E+12,60875.57,61718.39,58963,61528.33,39099.24124,1.63E+12,2371696295,1331655,19289.94298,1170524005,0,271
1.63E+12,61528.32,62695.78,59844.45,62009.84,51798.44844,1.63E+12,3195091233,1629184,25859.08539,1595447836,0,272
1.63E+12,62005.6,64486,61322.22,64280.59,53628.10774,1.63E+12,3370863940,1755708,27436.54548,1724665980,0,273
1.63E+12,64280.59,67000,63481.4,66001.41,51428.93486,1.63E+12,3362878816,1823286,27623.99053,1806653765,0,274
1.63E+12,66001.4,66639.74,62000,62193.15,68538.64537,1.63E+12,4407757971,2181665,32008.51421,2060110974,0,275
1.63E+12,62193.15,63732.39,60000,60688.22,52119.35886,1.63E+12,3229377744,1555280,25440.69118,1576807744,0,276
1.63E+12,60688.23,61747.64,59562.15,61286.75,27626.93678,1.64E+12,1686121722,982103,13352.56908,815306581.3,0,277
1.64E+12,61286.75,61500,59510.63,60852.22,31226.57676,1.64E+12,1889694559,1052085,15682.1686,949151331.9,0,278
1.64E+12,60852.22,63710.63,60650,63078.78,36853.83806,1.64E+12,2309339650,1270453,18577.25472,1164150306,0,279
1.64E+12,63078.78,63293.48,59817.55,60328.81,40217.50083,1.64E+12,2492606133,1334460,18699.28475,1160289813,0,280
1.64E+12,60328.81,61496,58000,58413.44,62124.49016,1.64E+12,3688306193,1913083,29983.43122,1780494794,0,281
1.64E+12,58413.44,62499,57820,60575.89,61056.35301,1.64E+12,3677629851,1878275,30447.44205,1835335718,0,282
1.64E+12,60575.9,62980,60174.81,62253.71,43973.90414,1.64E+12,2706090987,1417344,22262.86881,1370325591,0,283
1.64E+12,62253.7,62359.25,60673,61859.19,31478.12566,1.64E+12,1937860260,1197748,15583.51105,959369103.6,0,284
1.64E+12,61859.19,62405.3,59945.36,61299.8,39267.63794,1.64E+12,2396556477,1563417,19362.08206,1181449066,0,285
1.64E+12,61299.81,62437.74,59405,60911.11,44687.66672,1.64E+12,2737282805,1472636,22139.95506,1356676791,0,286
1.64E+12,60911.12,64270,60624.68,63219.99,46368.2841,1.64E+12,2909221038,1858362,23852.14282,1496448017,0,287
1.64E+12,63220.57,63500,60382.76,62896.48,43336.09049,1.64E+12,2713389500,1601925,20662.34777,1294306442,0,288
1.64E+12,62896.49,63086.31,60677.01,61395.01,35930.93314,1.64E+12,2218138027,1346081,17843.38035,1101751566,0,289
1.64E+12,61395.01,62595.72,60721,60937.12,31604.48749,1.64E+12,1943346371,1243074,15769.15494,969780612.7,0,290
1.64E+12,60940.18,61560.49,60050,61470.61,25590.57408,1.64E+12,1556774944,965309,12511.52761,761294376.5,0,291
1.64E+12,61470.62,63286.35,61322.78,63273.59,25515.6883,1.64E+12,1585744720,1068629,13567.09782,843384435.4,0,292
1.64E+12,63273.58,67789,63273.58,67525.83,54442.09455,1.64E+12,3575716171,2349581,28879.18644,1897321250,0,293
1.64E+12,67525.82,68524.25,66222.4,66947.66,44661.37807,1.64E+12,3014326962,1847655,22243.23645,1501548664,0,294
1.64E+12,66947.67,69000,62822.9,64882.43,65171.50405,1.64E+12,4335575753,2347934,31344.74332,2088305178,0,295
1.64E+12,64882.42,65600.07,64100,64774.26,37237.98058,1.64E+12,2415537334,1327827,18589.51479,1205890454,0,296
1.64E+12,64774.25,65450.7,62278,64122.23,44490.10816,1.64E+12,2844286548,1479149,21028.45541,1344883879,0,297
1.64E+12,64122.22,65000,63360.22,64380,22504.97383,1.64E+12,1442441614,904149,11094.05209,711146514.1,0,298
1.64E+12,64380.01,65550.51,63576.27,65519.1,25705.07347,1.64E+12,1658473781,951393,12629.83414,815039550.9,0,299
1.64E+12,65519.11,66401.82,63400,63606.74,37829.37124,1.64E+12,2460915923,1305209,19160.47382,1247275595,0,300
1.64E+12,63606.73,63617.31,58574.07,60058.87,77455.15609,1.64E+12,4705744041,2353681,36375.32415,2209839153,0,301
1.64E+12,60058.87,60840.23,58373,60344.87,46289.38491,1.64E+12,2767802055,1471305,22545.24375,1348537947,0,302
1.64E+12,60344.86,60976,56474.26,56891.62,62146.99931,1.64E+12,3644824179,1960419,29742.20507,1745202990,0,303
1.64E+12,56891.62,58320,55600,58052.24,50715.88726,1.64E+12,2896189976,1560459,24072.28575,1374771758,0,304
1.64E+12,58057.1,59845,57353,59707.51,33811.5901,1.64E+12,1982718831,1200190,16682.28087,978340154.1,0,305
1.64E+12,59707.52,60029.76,58486.65,58622.02,31902.22785,1.64E+12,1886578155,1249219,14949.12309,884084155.7,0,306
1.64E+12,58617.7,59444,55610,56247.18,51724.32047,1.64E+12,2968622334,1624768,24834.9816,1425668562,0,307
1.64E+12,56243.83,58009.99,55317,57541.27,49917.85017,1.64E+12,2837210673,1570845,25217.65003,1433171469,0,308
1.64E+12,57541.26,57735,55837,57138.29,39612.04964,1.64E+12,2246374244,1432991,19625.09659,1113184376,0,309
1.64E+12,57138.29,59398.9,57000,58960.36,42153.51522,1.64E+12,2455658858,1604266,21112.80397,1230022892,0,310
1.64E+12,58960.37,59150,53500,53726.53,65927.87066,1.64E+12,3649353860,2138184,31287.4699,1731974880,0,311
1.64E+12,53723.72,55280,53610,54721.03,29716.99957,1.64E+12,1623173123,1110145,14462.93801,790191540.9,0,312
1.64E+12,54716.47,57445.05,53256.64,57274.88,36163.7137,1.64E+12,1982198374,1253408,18520.69985,1016073217,0,313
1.64E+12,57274.89,58865.97,56666.67,57776.25,40125.28009,1.64E+12,2313371348,1349625,19520.25038,1125240985,0,314
1.64E+12,57776.25,59176.99,55875.55,56950.56,49161.05194,1.64E+12,2823644073,1587472,23867.80287,1371720422,0,315
1.64E+12,56950.56,59053.55,56458.01,57184.07,44956.63656,1.64E+12,2584928714,1442301,21501.29463,1236414405,0,316
1.64E+12,57184.07,57375.47,55777.77,56480.34,37574.05976,1.64E+12,2127110102,1307890,18375.47518,1040366895,0,317
1.64E+12,56484.26,57600,51680,53601.05,58927.69027,1.64E+12,3246198506,1865063,27287.25751,1505556556,0,318
1.64E+12,53601.05,53859.1,42000.3,49152.47,114203.3737,1.64E+12,5495712062,3362771,52876.55238,2544632557,0,319
1.64E+12,49152.46,49699.05,47727.21,49396.33,45580.82012,1.64E+12,2231486106,1371839,22420.90324,1097785759,0,320
1.64E+12,49396.32,50891.11,47100,50441.92,58571.21575,1.64E+12,2851528919,1741956,28820.34753,1403464677,0,321
1.64E+12,50441.91,51936.33,50039.74,50588.95,38253.46877,1.64E+12,1950573500,1212350,18679.11099,952551067.6,0,322
1.64E+12,50588.95,51200,48600,50471.19,38425.92466,1.64E+12,1925458787,1118225,18126.84362,908410692.2,0,323
1.64E+12,50471.19,50797.76,47320,47545.59,37692.68665,1.64E+12,1841474999,1130599,18097.0596,884082539.7,0,324
1.64E+12,47535.9,50125,46852,47140.54,44233.57391,1.64E+12,2135023723,1215231,21143.96129,1020995576,0,325
1.64E+12,47140.54,49485.71,46751,49389.99,28889.19358,1.64E+12,1397524636,957390,14452.26806,699251597.8,0,326
1.64E+12,49389.99,50777,48638,50053.9,26017.93421,1.64E+12,1292315884,863605,13266.00955,658923314.9,0,327
1.64E+12,50053.9,50189.97,45672.75,46702.75,50869.52093,1.64E+12,2423888501,1399599,23487.0228,1119972249,0,328
1.64E+12,46702.76,48700.41,46290,48343.28,39955.98445,1.64E+12,1887427362,1194992,20010.80589,945501336.2,0,329
1.64E+12,48336.95,49500,46547,48864.98,51629.181,1.64E+12,2487012309,1438176,25861.16891,1246095378,0,330
1.64E+12,48864.98,49436.43,47511,47632.38,31949.86739,1.64E+12,1551200654,1023983,15281.92439,742115283.6,0,331
1.64E+12,47632.38,47995.96,45456,46131.2,43104.4887,1.64E+12,2015966350,1261780,19846.77192,928665863.6,0,332
1.64E+12,46133.83,47392.37,45500,46834.48,25020.05271,1.64E+12,1165205136,862066,12635.54707,588649454.3,0,333
1.64E+12,46834.47,48300.01,46406.91,46681.23,29305.70665,1.64E+12,1384958598,874827,14646.77828,692559814.2,0,334
1.64E+12,46681.24,47537.57,45558.85,46914.16,35848.50609,1.64E+12,1663363118,1076488,17666.32749,819817570.7,0,335
1.64E+12,46914.17,49328.96,46630,48889.88,37713.92924,1.64E+12,1827234149,1119412,19356.27006,937648412.2,0,336
1.64E+12,48887.59,49576.13,48421.87,48588.16,27004.2022,1.64E+12,1322418595,949480,13402.54963,656467230.8,0,337
1.64E+12,48588.17,51375,47920.42,50838.81,35192.54046,1.64E+12,1738129831,1176050,17397.67034,859605116.7,0,338
1.64E+12,50838.82,51810,50384.43,50820,31684.84269,1.64E+12,1618089927,1075177,15108.36362,771557283.6,0,339
1.64E+12,50819.99,51156.23,50142.32,50399.66,19135.51613,1.64E+12,971491029.1,766979,9928.30266,504102529.5,0,340
1.64E+12,50399.67,51280,49412,50775.49,22569.88914,1.64E+12,1132200242,797133,11285.69707,566374786.7,0,341
1.64E+12,50775.48,52088,50449,50701.44,28792.21566,1.64E+12,1472065236,1009411,14436.09322,738369203.3,0,342
1.64E+12,50701.44,50704.05,47313.01,47543.74,45853.33924,1.64E+12,2242102221,1345774,21743.17013,1063171693,0,343
1.64E+12,47543.74,48139.08,46096.99,46464.66,39498.87,1.64E+12,1873785571,1114074,19089.6191,905969695.6,0,344
1.64E+12,46464.66,47900,45900,47120.87,30352.29569,1.64E+12,1428755720,910157,14886.52375,700792256.7,0,345
1.64E+12,47120.88,48548.26,45678,46216.93,34937.99796,1.64E+12,1650715978,1059783,17315.5423,818331688,0,346
1.64E+12,46216.93,47954.63,46208.37,47722.65,19604.46325,1.64E+12,924155159.6,714899,9942.36679,468738711.8,0,347
1.64E+12,47722.66,47990,46654,47286.18,18340.4604,1.64E+12,866610995.6,709624,9166.46954,433182392.3,0,348
1.64E+12,47286.18,47570,45696,46446.1,27662.0771,1.64E+12,1292203508,885624,13524.76045,631879430.1,0,349
1.64E+12,46446.1,47557.54,45500,45832.01,35491.4136,1.64E+12,1649170424,1021815,17689.26808,821725463.1,0,350
1.64E+12,45832.01,47070,42500,43451.13,51784.11857,1.64E+12,2334288545,1478532,23552.9946,1063287226,0,351
1.64E+12,43451.14,43816,42430.58,43082.31,38880.37305,1.64E+12,1674466154,1150707,19268.82662,829886561.8,0,352
1.64E+12,43082.3,43145.83,40610,41566.48,54836.50818,1.64E+12,2293851015,1406635,26519.39261,1109740200,0,353
1.64E+12,41566.48,42300,40501,41679.74,32952.73111,1.64E+12,1367233495,1021908,16462.53747,683155535.4,0,354
1.64E+12,41679.74,42786.7,41200.02,41864.62,22724.39426,1.64E+12,952830064.5,752733,11399.78979,478046850.3,0,355
1.64E+12,41864.62,42248.5,39650,41822.49,50729.17019,1.64E+12,2088111340,1250983,24654.54811,1015935553,0,356
1.64E+12,41822.49,43100,41268.93,42729.29,37296.43729,1.64E+12,1574803609,1015526,18521.95391,782176383.1,0,357
1.64E+12,42729.29,44322,42450,43902.66,33943.2928,1.64E+12,1470906438,1023902,17584.31885,762205618.8,0,358
1.64E+12,43902.65,44500,42311.22,42560.11,34910.87762,1.64E+12,1515944525,1036234,17175.40587,746075123.2,0,359
1.64E+12,42558.35,43448.78,41725.95,43059.96,32640.88292,1.64E+12,1392000443,946938,15434.18945,658472386.2,0,360
1.64E+12,43059.96,43800,42555,43084.29,21936.05616,1.64E+12,946488263.5,752688,11133.18615,480516487.2,0,361
1.64E+12,43084.29,43475,42581.79,43071.66,20602.35271,1.64E+12,887203134.1,732171,10052.19291,432899939.7,0,362
1.64E+12,43071.66,43176.18,41540.42,42201.62,27562.08613,1.64E+12,1169381684,918029,13448.54192,570690476,0,363
1.64E+12,42201.63,42691,41250,42352.12,29324.08257,1.64E+12,1228459687,905061,14527.82371,608578954.6,0,364
1.64E+12,42352.12,42559.13,41138.56,41660.01,31685.72159,1.64E+12,1327478459,924528,15603.74304,653807601.7,0,365
1.64E+12,41660,43505,40553.31,40680.91,42330.33953,1.64E+12,1784801200,1098761,20201.47991,852629490.3,0,366
1.64E+12,40680.92,41100,35440.45,36445.31,88860.892,1.64E+12,3405501703,2092561,41615.08582,1595831788,0,367
1.64E+12,36445.31,36835.22,34008,35071.42,90471.33896,1.64E+12,3207531048,2099978,42722.27823,1514027491,0,368
1.64E+12,35071.42,36499,34601.01,36244.55,44279.52354,1.64E+12,1572414639,1142407,22841.39451,811501507,0,369
1.64E+12,36244.55,37550,32917.17,36660.35,91904.75321,1.64E+12,3192041586,1999352,46469.27294,1615890701,0,370
1.64E+12,36660.35,37545.14,35701,36958.32,49232.40183,1.64E+12,1799224214,1248246,24988.42876,913198135.6,0,371
1.64E+12,36958.32,38919.98,36234.63,36809.34,69830.16036,1.64E+12,2627491977,1584468,35240.31542,1326474948,0,372
1.64E+12,36807.24,37234.47,35507.01,37160.1,53020.87934,1.64E+12,1925920128,1308408,26750.94594,971815942.3,0,373
1.64E+12,37160.11,38000,36155.01,37716.56,42154.26956,1.64E+12,1560203931,1061101,21496.47551,795847847.5,0,374
1.64E+12,37716.57,38720.74,37268.44,38166.84,26129.49682,1.64E+12,989652387,816601,13292.42156,503624477.7,0,375
1.64E+12,38166.83,38359.26,37351.63,37881.76,21430.66527,1.64E+12,812750216.6,698593,10798.3846,409620744,0,376
1.64E+12,37881.75,38744,36632.61,38466.9,36855.2458,1.64E+12,1386754529,936014,18422.26954,693360023.3,0,377
1.64E+12,38466.9,39265.2,38000,38694.59,34574.44663,1.64E+12,1334266167,917617,17730.99304,684446571.2,0,378
1.64E+12,38694.59,38855.92,36586.95,36896.36,35794.6813,1.64E+12,1353093949,907905,17251.43687,652533107.7,0,379
1.64E+12,36896.37,37387,36250,37311.61,32081.10999,1.64E+12,1179502839,848961,16468.10233,605530493.6,0,380
1.64E+12,37311.98,41772.33,37026.73,41574.25,64703.95874,1.64E+12,2526572562,1380724,33053.66668,1291953442,0,381
1.64E+12,41571.7,41913.69,40843.01,41382.59,32532.34372,1.64E+12,1349805516,1006352,16566.08602,687352854.8,0,382
1.64E+12,41382.6,42656,41116.56,42380.87,22405.16704,1.64E+12,934168802.9,788291,11546.39088,481652514.4,0,383
1.64E+12,42380.87,44500.5,41645.85,43839.99,51060.62006,1.64E+12,2204523610,1473274,25457.79986,1099936959,0,384
1.64E+12,43839.99,45492,42666,44042.99,64880.29387,1.64E+12,2847485971,1653350,33004.09337,1448178622,0,385
1.64E+12,44043,44799,43117.92,44372.72,34428.16729,1.64E+12,1512500139,1066395,17115.60108,752210712.4,0,386
1.64E+12,44372.71,45821,43174.01,43495.44,62357.29091,1.64E+12,2772188373,1541483,30323.12245,1348871896,0,387
1.64E+12,43495.44,43920,41938.51,42373.73,44975.1687,1.64E+12,1937866769,1169354,22063.76915,950913914,0,388
1.64E+12,42373.73,43079.49,41688.88,42217.87,26556.85681,1.64E+12,1123136005,830322,12814.60322,542061655.4,0,389
1.64E+12,42217.87,42760,41870,42053.66,17732.08113,1.64E+12,750533311.7,624898,8333.13302,352741586.1,0,390
1.64E+12,42053.65,42842.4,41550.56,42535.94,34010.1306,1.64E+12,1436927831,867622,16912.76672,714598651.2,0,391
1.64E+12,42535.94,44751.4,42427.03,44544.86,38095.19576,1.64E+12,1672855934,990694,19180.32434,842363401.2,0,392
1.64E+12,44544.85,44549.97,43307,43873.56,28471.8727,1.65E+12,1250973502,823745,14106.69537,619773473,0,393
1.65E+12,43873.56,44164.71,40073.21,40515.7,47245.99494,1.65E+12,1993400163,1067658,21468.60602,906038209.8,0,394
1.65E+12,40515.71,40959.88,39450,39974.44,43845.92241,1.65E+12,1765622366,1025882,20609.06764,829953072.4,0,395
1.65E+12,39974.45,40444.32,39639.03,40079.17,18042.0551,1.65E+12,721960636.1,586653,8374.975,335209843.6,0,396
1.65E+12,40079.17,40125.44,38000,38386.89,33439.29011,1.65E+12,1293216601,811235,15338.25392,592897166.4,0,397
1.65E+12,38386.89,39494.35,36800,37008.16,62347.68496,1.65E+12,2382027321,1352290,30617.13558,1170272316,0,398
1.65E+12,37008.16,38429,36350,38230.33,53785.94589,1.65E+12,2010628231,1212527,27322.73575,1021948127,0,399
1.65E+12,38230.33,39249.93,37036.79,37250.01,43560.732,1.65E+12,1665486687,1030872,21449.9558,820639942,0,400
1.65E+12,37250.02,39843,34322.28,38327.21,120476.2946,1.65E+12,4335107392,2622780,60103.1314,2164376870,0,401
1.65E+12,38328.68,39683.53,38014.37,39219.17,56574.57125,1.65E+12,2197889580,1408558,29904.01589,1161436658,0,402
1.65E+12,39219.16,40348.45,38573.18,39116.72,29361.2568,1.65E+12,1152621720,924257,14658.93596,575852238,0,403
1.65E+12,39116.73,39855.7,37000,37699.07,46229.44719,1.65E+12,1780512703,1265753,21789.2508,840141690.3,0,404
1.65E+12,37699.08,44225.84,37450.17,43160,73945.63858,1.65E+12,2975160226,1931087,38543.78078,1553136662,0,405
1.65E+12,43160,44949,42809.98,44421.2,61743.09873,1.65E+12,2701611024,1866871,30937.54085,1353520463,0,406
1.65E+12,44421.2,45400,43334.09,43892.98,57782.65081,1.65E+12,2550792948,1653131,28624.1131,1264172354,0,407
1.65E+12,43892.99,44101.12,41832.28,42454,50940.61021,1.65E+12,2192152098,1289320,24438.40113,1051969942,0,408
1.65E+12,42454,42527.3,38550,39148.66,61964.68498,1.65E+12,2527001271,1465066,29322.62323,1196441375,0,409
1.65E+12,39148.65,39613.24,38407.59,39397.96,30363.13341,1.65E+12,1187689935,879727,14846.61434,580820200.9,0,410
1.65E+12,39397.97,39693.87,38088.57,38420.81,39677.26158,1.65E+12,1542258010,986352,19055.16367,740741244.9,0,411
1.65E+12,38420.8,39547.57,37155,37988,63994.11559,1.65E+12,2449362162,1456041,31641.49735,1211103667,0,412
1.65E+12,37988.01,39362.08,37867.65,38730.63,55583.06638,1.65E+12,2149652715,1271128,27964.07361,1081516304,0,413
1.65E+12,38730.63,42594.06,38656.45,41941.71,67392.58799,1.65E+12,2797240841,1570230,34598.34753,1435303844,0,414
1.65E+12,41941.7,42039.63,38539.73,39422,71962.93154,1.65E+12,2854310741,1512655,33804.27456,1340241708,0,415
1.65E+12,39422.01,40236.26,38223.6,38729.57,59018.7642,1.65E+12,2305825016,1252571,29148.02045,1139093538,0,416
1.65E+12,38729.57,39486.71,38660.52,38807.36,24034.36432,1.65E+12,939663387.3,671733,11869.94851,464113572.6,0,417
1.65E+12,38807.35,39310,37578.51,37777.34,32791.82359,1.65E+12,1268441605,841844,15150.32067,586406176.6,0,418
1.65E+12,37777.35,39947.12,37555,39671.37,46945.45375,1.65E+12,1821922588,1114899,24146.76237,937313460.6,0,419
1.65E+12,39671.37,39887.61,38098.33,39280.33,46015.54926,1.65E+12,1796571984,1060517,22657.90532,885084068,0,420
1.65E+12,39280.33,41718,38828.48,41114,88120.76167,1.65E+12,3552563766,2051837,44119.65664,1779529342,0,421
1.65E+12,41114.01,41478.82,40500,40917.9,37189.38087,1.65E+12,1521083190,935784,18580.98075,760015585.8,0,422
1.65E+12,40917.89,42325.02,40135.04,41757.51,45408.00969,1.65E+12,1862337033,1065054,22374.92757,918115615,0,423
1.65E+12,41757.51,42400,41499.29,42201.13,29067.18108,1.65E+12,1216709156,801197,14463.06148,605480703.9,0,424
1.65E+12,42201.13,42296.26,40911,41262.11,30653.33468,1.65E+12,1273880705,799695,14636.72662,608328201.8,0,425
1.65E+12,41262.11,41544.22,40467.94,41002.25,39426.24877,1.65E+12,1618789548,947206,19079.42652,783366152.1,0,426
1.65E+12,41002.26,43361,40875.51,42364.13,59454.94294,1.65E+12,2525975508,1367343,30215.54785,1283334795,0,427
1.65E+12,42364.13,43025.96,41751.47,42882.76,40828.87039,1.65E+12,1725787171,916671,20211.34116,854479820.5,0,428
1.65E+12,42882.76,44220.89,42560.46,43991.46,56195.12374,1.65E+12,2436258224,1202541,27963.10189,1212354441,0,429
1.65E+12,43991.46,45094.14,43579,44313.16,54614.43648,1.65E+12,2421153188,1141588,27819.34765,1233475690,0,430
1.65E+12,44313.16,44792.99,44071.97,44511.27,23041.61741,1.65E+12,1022802858,693647,11422.59021,507079959.2,0,431
1.65E+12,44511.27,46999,44421.46,46827.76,41874.91071,1.65E+12,1907019662,1135096,21674.84642,987241345.6,0,432
1.65E+12,46827.76,48189.84,46663.56,47122.21,58949.2614,1.65E+12,2789898403,1498975,29097.75719,1377280754,0,433
1.65E+12,47122.21,48096.47,46950.85,47434.8,36772.28457,1.65E+12,1748600385,1095678,18192.3742,865179145.2,0,434
1.65E+12,47434.79,47700.22,46445.42,47067.99,40947.2085,1.65E+12,1932152560,1081607,20896.43399,985946938.6,0,435
1.65E+12,47067.99,47600,45200,45510.34,48645.12667,1.65E+12,2262485161,1290541,22879.47328,1064278671,0,436
1.65E+12,45510.35,46720.09,44200,46283.49,56271.06474,1.65E+12,2556532891,1372216,28041.37621,1274359932,0,437
1.65E+12,46283.49,47213,45620,45811,37073.53582,1.65E+12,1721690754,1056716,18562.93079,862197811.6,0,438
1.65E+12,45810.99,47444.11,45530.92,46407.35,33394.67794,1.65E+12,1550999693,966563,16740.18067,777615974.8,0,439
1.65E+12,46407.36,46890.71,45118,46580.51,44641.87514,1.65E+12,2053434524,1171998,21913.04154,1008164276,0,440
1.65E+12,46580.5,47200,45353.81,45497.55,42192.74852,1.65E+12,1951668193,1046080,20607.57735,953494654.5,0,441
1.65E+12,45497.54,45507.14,43121,43170.47,60849.32936,1.65E+12,2700644701,1471912,29467.28381,1307725131,0,442
1.65E+12,43170.47,43900.99,42727.35,43444.19,37396.54156,1.65E+12,1623879487,999816,18567.25999,806358703.2,0,443
1.65E+12,43444.2,43970.62,42107.14,42252.01,42375.04203,1.65E+12,1830699972,1108136,20530.56354,887196762.5,0,444
1.65E+12,42252.02,42800,42125.48,42753.97,17891.66047,1.65E+12,759274586.6,640230,8910.47179,378158044.3,0,445
1.65E+12,42753.96,43410.3,41868,42158.85,22771.09403,1.65E+12,971459737.5,678983,10952.24952,467438845.4,0,446
1.65E+12,42158.85,42414.71,39200,39530.45,63560.44721,1.65E+12,2602039073,1385924,30543.05561,1251713136,0,447
1.65E+12,39530.45,40699,39254.63,40074.94,57751.01778,1.65E+12,2309514072,1153667,28344.99788,1133659107,0,448
1.65E+12,40074.95,41561.31,39588.54,41147.79,41342.27254,1.65E+12,1677171454,948061,20522.54699,832653378.5,0,449
1.65E+12,41147.78,41500,39551.94,39942.38,36807.01401,1.65E+12,1494726286,803756,17787.82129,722216571.9,0,450
1.65E+12,39942.37,40870.36,39766.4,40551.9,24026.35739,1.65E+12,966888436.8,616536,11755.54439,473100437.5,0,451
1.65E+12,40551.9,40709.35,39991.55,40378.71,15805.44718,1.65E+12,638275503.9,423446,7642.38243,308642382.9,0,452
1.65E+12,40378.7,40595.67,39546.17,39678.12,19988.49259,1.65E+12,803414249,590241,9578.91533,385124871.5,0,453
1.65E+12,39678.11,41116.73,38536.51,40801.13,54243.49575,1.65E+12,2153574976,1157741,27097.19375,1076513007,0,454
1.65E+12,40801.13,41760,40571,41493.18,35788.85843,1.65E+12,1472363265,934526,17806.81506,732539241.9,0,455
1.65E+12,41493.19,42199,40820,41358.19,40877.35041,1.65E+12,1697039284,1063843,20007.29623,830754792.6,0,456
1.65E+12,41358.19,42976,39751,40480.01,59316.27657,1.65E+12,2476061418,1515456,29413.89548,1228429891,0,457
1.65E+12,40480.01,40795.06,39177,39709.18,46664.0196,1.65E+12,1870172362,1043471,23248.71242,931654706.6,0,458
1.65E+12,39709.19,39980,39285,39441.6,20291.42375,1.65E+12,804677022.9,724132,10217.20484,405193110.9,0,459
1.65E+12,39441.61,39940,38929.62,39450.13,26703.61186,1.65E+12,1056336243,868183,12639.70229,500129939.1,0,460
1.65E+12,39450.12,40616,38200,40426.08,63037.12784,1.65E+12,2470071005,1280351,31958.39557,1252785477,0,461
1.65E+12,40426.08,40797.31,37702.26,38112.65,66650.258,1.65E+12,2615206862,1381618,31936.9422,1253685872,0,462
1.65E+12,38112.64,39474.72,37881.31,39235.72,57083.12272,1.65E+12,2218523642,1232083,28942.08915,1124748468,0,463
1.65E+12,39235.72,40372.63,38881.43,39742.07,56086.6715,1.65E+12,2223808386,1135242,28519.46629,1130865429,0,464
1.65E+12,39742.06,39925.25,38175,38596.11,51453.65715,1.65E+12,2006135663,1101140,24773.60543,966125835.5,0,465
1.65E+12,38596.11,38795.38,37578.2,37630.8,35321.18989,1.65E+12,1354900532,1017369,16523.43017,634076437.2,0,466
1.65E+12,37630.8,38675,37386.38,38468.35,38812.24104,1.65E+12,1478259272,1021157,19551.11747,744825800.8,0,467
1.65E+12,38468.35,39167.34,38052,38525.16,53200.92628,1.65E+12,2058450718,1053893,27276.29561,1055369693,0,468
1.65E+12,38525.16,38651.51,37517.8,37728.95,40316.45358,1.65E+12,1539320434,1005131,20002.76343,764016892.7,0,469
1.65E+12,37728.95,40023.77,37670,39690,62574.61736,1.65E+12,2438553987,1238847,32968.16942,1284541285,0,470
1.65E+12,39690,39845.51,35571.9,36552.97,88722.43355,1.65E+12,3329684236,1979692,41786.44096,1568954444,0,471
1.65E+12,36552.97,36675.63,35258,36013.77,68437.80187,1.65E+12,2466507512,1214518,34536.42346,1245062437,0,472
1.65E+12,36013.77,36146.3,34785,35472.39,34281.70682,1.65E+12,1222539414,746488,15385.18829,548855038.2,0,473
1.65E+12,35472.4,35514.22,33713.95,34038.4,72445.64344,1.65E+12,2498365160,1301451,32350.03935,1115547716,0,474
1.65E+12,34038.39,34243.15,30033.33,30076.31,191876.9264,1.65E+12,6166367111,2564538,86538.96257,2781053306,0,475
1.65E+12,30074.23,32658.99,29730.4,31017.1,165532.0031,1.65E+12,5179856929,2470325,73691.19611,2307177625,0,476
1.65E+12,31017.11,32162.59,27785,29103.94,207063.7393,1.65E+12,6300295995,3559270,99622.11748,3036296142,0,477
1.65E+12,29103.94,30243,26700,29029.75,204507.2631,1.65E+12,5795451311,3951233,101465.2783,2877462252,0,478
1.65E+12,29029.74,31083.37,28751.67,29287.05,97872.36957,1.65E+12,2956855805,2051900,48827.72764,1475641182,0,479
1.65E+12,29287.05,30343.27,28630,30086.74,51095.87863,1.65E+12,1501483454,1204626,25908.17135,761545954.2,0,480
1.65E+12,30086.74,31460,29480,31328.89,46275.66912,1.65E+12,1401499926,1016769,24163.362,732332763.6,0,481
1.65E+12,31328.89,31328.9,29087.04,29874.01,73082.19658,1.65E+12,2185567736,1561954,36284.05379,1085179423,0,482
1.65E+12,29874.01,30788.37,29450.38,30444.93,56724.13307,1.65E+12,1715109131,1175382,28600.36238,865031716.5,0,483
1.65E+12,30444.93,30709.99,28654.47,28715.32,59749.15799,1.65E+12,1762843836,1379212,29501.76769,870623227.2,0,484
1.65E+12,28715.33,30545.18,28691.38,30319.23,67877.36415,1.65E+12,2014360136,1860780,35339.65787,1049163443,0,485
1.65E+12,30319.22,30777.33,28730,29201.01,60517.25325,1.65E+12,1800589029,1694004,30890.40127,919467696.6,0,486
1.65E+12,29201.01,29656.18,28947.28,29445.06,20987.13124,1.65E+12,616194664,643486,10558.92886,310046148.8,0,487
1.65E+12,29445.07,30487.99,29255.11,30293.94,36158.98748,1.65E+12,1082530816,862880,18538.10071,555044195.8,0,488
1.65E+12,30293.93,30670.51,28866.35,29109.15,63901.49932,1.65E+12,1914305818,1328317,30476.66811,913813981,0,489
1.65E+12,29109.14,29845.86,28669,29654.58,59442.96036,1.65E+12,1740257602,946421,29480.07674,863516681.5,0,490
1.65E+12,29654.58,30223.74,29294.21,29542.15,59537.38659,1.65E+12,1771708175,985440,28846.96589,858587338.5,0,491
1.65E+12,29542.14,29886.64,28019.56,29201.35,94581.65463,1.65E+12,2759055410,1431112,45206.85416,1319426336,0,492
1.65E+12,29201.35,29397.66,28282.9,28629.8,90998.5201,1.65E+12,2626515959,1321406,43590.05398,1258912487,0,493
1.65E+12,28629.81,29266,28450,29031.33,34479.35127,1.65E+12,994674257.6,684423,17561.21465,506633343.7,0,494
1.65E+12,29031.33,29587.78,28839.21,29468.1,27567.34764,1.65E+12,804777532.6,635311,13735.42581,401056725.6,0,495
1.65E+12,29468.1,32222,29299.62,31734.22,96785.9476,1.65E+12,2980527582,1380410,45024.45633,1384940692,0,496
1.65E+12,31734.23,32399,31200.01,31801.04,62433.11632,1.65E+12,1981259117,1161340,30046.95511,953574564.3,0,497
1.65E+12,31801.05,31982.97,29301,29805.83,103395.6338,1.65E+12,3171191028,1404611,47614.81205,1460767261,0,498
1.65E+12,29805.84,30689,29594.55,30452.62,56961.42928,1.65E+12,1711652906,1086183,28555.06607,858193492.4,0,499
1.65E+12,30452.63,30699,29282.36,29700.21,54067.44727,1.65E+12,1615616951,993769,26583.25141,794354787.3,0,500
1.65E+12,29700.21,29988.88,29485,29864.04,25617.90113,1.65E+12,760874329.5,618037,12971.7246,385358236.9,0,501
1.65E+12,29864.03,30189,29531.42,29919.21,23139.9281,1.65E+12,691201528.2,604680,11753.51303,351150600.8,0,502
1.65E+12,29919.2,31765.64,29890.23,31373.1,68836.92456,1.65E+12,2149499897,1124745,34225.53913,1068381828,0,503
1.65E+12,31373.1,31589.6,29218.96,31125.33,110674.5166,1.65E+12,3347397953,1743957,54831.53114,1661147413,0,504
1.65E+12,31125.32,31327.22,29843.88,30204.77,68542.61276,1.65E+12,2087270428,1236327,32668.41005,995180478.3,0,505
1.65E+12,30204.77,30700,29944.1,30109.93,46291.1865,1.65E+12,1399839074,841562,23082.29251,697948606,0,506
1.65E+12,30109.93,30382.8,28850,29091.88,76204.2498,1.65E+12,2255866294,1258608,35502.20972,1050877736,0,507
1.65E+12,29091.87,29440.41,28099.99,28424.7,65901.39895,1.65E+12,1892007188,1084163,31848.3308,914365117.8,0,508
1.65E+12,28424.71,28544.96,26560,26574.53,92474.59881,1.66E+12,2551767136,1451271,43538.78641,1201389151,0,509
1.66E+12,26574.53,26895.84,21925.77,22487.41,254611.035,1.66E+12,6192246037,3261484,121398.5561,2953984192,0,510
1.66E+12,22485.27,23362.88,20846,22136.41,187201.6467,1.66E+12,4136108699,2583151,92764.74286,2051107739,0,511
1.66E+12,22136.42,22800,20111.62,22583.72,200774.4935,1.66E+12,4249276481,2847831,98340.10222,2083014439,0,512
1.66E+12,22583.72,22995.73,20232,20401.31,99673.59429,1.66E+12,2130037160,1690477,48048.86237,1027305937,0,513
1.66E+12,20400.6,21365.43,20246.66,20468.81,86694.33663,1.66E+12,1796575393,1352992,43066.94445,892584106.7,0,514
1.66E+12,20468.81,20792.06,17622,18970.79,196441.6555,1.66E+12,3726639822,2467372,96560.04465,1833514055,0,515
1.66E+12,18970.79,20815.95,17960.41,20574,128320.876,1.66E+12,2487561782,1950660,65871.82216,1277952917,0,516
1.66E+12,20574,21090,19637.03,20573.89,109028.9415,1.66E+12,2220396382,1639448,54047.82476,1100883997,0,517
1.66E+12,20573.9,21723,20348.4,20723.52,104371.0749,1.66E+12,2198596137,1515321,52193.33566,1099446297,0,518
1.66E+12,20723.51,20900,19770.51,19987.99,92133.97938,1.66E+12,1872204589,1394981,44907.30453,912710764.7,0,519
1.66E+12,19988,21233,19890.07,21110.13,83127.08716,1.66E+12,1710694866,1207858,42716.83721,879244263.3,0,520
1.66E+12,21110.12,21558.41,20736.72,21237.69,77430.36622,1.66E+12,1635129191,1309709,38582.36962,815027131.3,0,521
1.66E+12,21237.68,21614.5,20906.62,21491.19,51431.67794,1.66E+12,1093873138,874540,25240.18142,536863288.5,0,522
1.66E+12,21491.18,21888,20964.73,21038.07,53278.10464,1.66E+12,1139258367,885306,26051.16372,557192553.7,0,523
1.66E+12,21038.08,21539.85,20510,20742.56,64475.0013,1.66E+12,1354369226,1002214,31992.4604,672191483.8,0,524
1.66E+12,20742.57,21212.1,20202.01,20281.29,63801.0832,1.66E+12,1321862978,1064497,30490.78532,631852171.8,0,525
1.66E+12,20281.28,20432.31,19854.92,20123.01,77309.04379,1.66E+12,1556549790,1210636,37814.12159,761473366.4,0,526
1.66E+12,20123,20179.08,18626,19942.21,93846.64806,1.66E+12,1808994369,1438163,45447.98482,876020577.3,0,527
1.66E+12,19942.21,20918.35,18975,19279.8,111844.5949,1.66E+12,2197016370,1668363,56417.61783,1108492422,0,528
1.66E+12,19279.8,19467.39,18977.01,19252.81,46180.3021,1.66E+12,888415536.9,833508,23693.90779,455851305.4,0,529
1.66E+12,19252.82,19647.63,18781,19315.83,51087.46631,1.66E+12,980255891.4,880786,25361.96292,486752875.4,0,530
1.66E+12,19315.83,20354.01,19055.31,20236.71,74814.04601,1.66E+12,1470987696,1282843,38543.72441,758241532,0,531
1.66E+12,20236.71,20750,19304.4,20175.83,96041.13756,1.66E+12,1919950110,1612273,48358.47507,967109793.4,0,532
1.66E+12,20175.84,20675.22,19761.25,20564.51,82439.5808,1.66E+12,1665481948,1472221,41580.73433,840150579.6,0,533
1.66E+12,20564.51,21838.1,20251.68,21624.98,85014.58261,1.66E+12,1783224086,1653722,42731.5372,896703207.2,0,534
1.66E+12,21624.99,22527.37,21189.26,21594.75,403081.5735,1.66E+12,8781330157,4358216,201798.1014,4396546053,0,535
1.66E+12,21594.75,21980,21322.12,21591.83,178417.8447,1.66E+12,3857190523,3524386,89418.01811,1933132016,0,536
1.66E+12,21592.15,21607.65,20655,20862.47,192188.2156,1.66E+12,4062794310,3434401,95376.75351,2016291891,0,537
1.66E+12,20861.11,20868.48,19875.23,19963.61,137535.4072,1.66E+12,2813718031,3232941,66869.47065,1368289523,0,538
1.66E+12,19963.61,20059.42,19240,19328.75,139506.4586,1.66E+12,2754215439,3626399,67681.11612,1336338003,0,539
1.66E+12,19331.28,20366.61,18910.94,20234.87,209250.2489,1.66E+12,4096306064,4789109,103667.1351,2029863027,0,540
1.66E+12,20234.87,20900,19616.07,20588.84,174809.217,1.66E+12,3526210098,4576355,87993.05801,1775442258,0,541
1.66E+12,20588.84,21200,20382.29,20830.04,143343.3049,1.66E+12,2984339734,4411375,71354.9491,1485929119,0,542
1.66E+12,20830.04,21588.94,20478.61,21195.6,121011.6739,1.66E+12,2539616923,3723401,61225.46264,1285100232,0,543
1.66E+12,21195.6,21684.54,20750.01,20798.16,118229.4525,1.66E+12,2511251393,4261057,59550.95291,1265042502,0,544
1.66E+12,20799.58,22777.63,20762.45,22432.58,239942.7313,1.66E+12,5263396812,6564387,122398.3186,2685273104,0,545
1.66E+12,22432.58,23800,21579.54,23396.62,263770.7657,1.66E+12,5954419902,6488375,132874.4341,2999605957,0,546
1.66E+12,23398.48,24276.74,22906.19,23223.3,238762.1709,1.66E+12,5631801151,6364038,119820.5535,2826789486,0,547
1.66E+12,23223.3,23442.77,22341.46,23152.19,184817.6819,1.66E+12,4232411759,4808194,92958.794,2128895624,0,548
1.66E+12,23152.19,23756.49,22500,22684.83,171598.4397,1.66E+12,3981394766,4745582,85026.96828,1973166658,0,549
1.66E+12,22684.83,23000.77,21934.57,22451.07,122137.7738,1.66E+12,2745262661,3762227,61569.86415,1383868861,0,550
1.66E+12,22448.58,23014.64,22257.15,22579.68,115189.6728,1.66E+12,2610817967,3671238,58086.99433,1316724597,0,551
1.66E+12,22577.13,22666,21250,21310.9,180344.7664,1.66E+12,3954002949,4807238,88021.9456,1930051719,0,552
1.66E+12,21310.9,21347.82,20706.5,21254.67,177817.2433,1.66E+12,3738774849,4545385,87353.4604,1836821500,0,553
1.66E+12,21254.67,23112.63,21042.53,22952.45,210971.198,1.66E+12,4614909657,5475738,106519.1274,2330764841,0,554
1.66E+12,22954.31,24199.72,22582.13,23842.93,236029.0741,1.66E+12,5511388548,6500034,118170.7095,2759524239,0,555
1.66E+12,23845.25,24442.66,23414.03,23773.75,198298.5062,1.66E+12,4733780641,6221401,100165.6085,2391310897,0,556
1.66E+12,23777.28,24668,23502.25,23643.51,151060.1321,1.66E+12,3634601095,4801528,75778.59282,1823456272,0,557
1.66E+12,23644.64,24194.82,23227.31,23293.32,127743.3248,1.66E+12,3028386331,4463721,63737.43859,1511326027,0,558
1.66E+12,23296.36,23509.68,22850,23268.01,144210.1622,1.66E+12,3346371890,4775213,71458.39583,1658446268,0,559
1.66E+12,23266.9,23459.89,22654.37,22987.79,158073.2823,1.66E+12,3631020649,5066511,78122.08501,1794828206,0,560
1.66E+12,22985.93,23647.68,22681.22,22818.37,145948.81,1.66E+12,3385430754,4887642,72355.55623,1678928893,0,561
1.66E+12,22816.91,23223.32,22400,22622.98,154854.6702,1.66E+12,3537434334,4966138,76123.82073,1739248153,0,562
1.66E+12,22622.41,23472.86,22586.95,23312.42,175251.6975,1.66E+12,4046435951,5340569,88240.55478,2037539951,0,563
1.66E+12,23313.56,23354.36,22909.52,22954.21,83911.80307,1.66E+12,1944693657,3360228,41438.9761,960462308.1,0,564
1.66E+12,22954.21,23402,22844.62,23174.39,88890.00877,1.66E+12,2051763045,3646643,44744.90366,1032885708,0,565
1.66E+12,23174.39,24245,23154.25,23810,170958.4415,1.66E+12,4078052111,5892045,85942.29725,2050118384,0,566
1.66E+12,23810.98,23933.25,22865,23149.95,143182.5086,1.66E+12,3347110919,5105613,70598.77953,1650310503,0,567
1.66E+12,23151.32,24226,22664.69,23954.05,208916.5495,1.66E+12,4918825599,6818207,105046.9133,2473680340,0,568
1.66E+12,23954.05,24918.54,23852.13,23934.39,249759.7956,1.66E+12,6097813763,8269994,125001.9072,3051727584,0,569
1.66E+12,23933.09,24456.5,23583,24403.68,174207.5704,1.66E+12,4175834602,6134163,87283.3227,2092464530,0,570
1.66E+12,24401.7,24888,24291.22,24441.38,152852.2544,1.66E+12,3751417148,5617859,76352.504,1873989924,0,571
1.66E+12,24443.06,25047.56,24144,24305.24,151206.1447,1.66E+12,3708565145,5473905,75296.97372,1847145730,0,572
1.66E+12,24305.25,25211.32,23773.22,24094.82,242539.5476,1.66E+12,5894066099,7488466,120284.4647,2923411976,0,573
1.66E+12,24093.04,24247.49,23671.22,23854.74,179324.9482,1.66E+12,4294907692,5978567,89812.55435,2151240576,0,574
1.66E+12,23856.15,24446.71,23180.4,23342.66,210668.6877,1.66E+12,4993659434,6901586,105158.8799,2493209362,0,575
1.66E+12,23342.66,23600,23111.04,23191.2,144185.9701,1.66E+12,3375338942,6029662,71864.05086,1682458592,0,576
1.66E+12,23191.45,23208.67,20783.57,20834.39,283995.8775,1.66E+12,6181759253,8860928,139601.8104,3038568051,0,577
1.66E+12,20834.39,21382.85,20761.9,21140.07,183041.6836,1.66E+12,3871242921,5723362,91862.59461,1943014391,0,578
1.66E+12,21140.07,21800,21069.11,21515.61,159200.6841,1.66E+12,3405034923,5034461,80239.2419,1716250543,0,579
1.66E+12,21516.7,21548.71,20890.18,21399.83,222222.0453,1.66E+12,4721412017,6443370,110925.7275,2356921869,0,580
1.66E+12,21400.75,21684.87,20890.14,21529.12,200967.7716,1.66E+12,4299812534,6333442,101222.301,2165911837,0,581
1.66E+12,21529.11,21900,21145,21368.08,174383.2205,1.66E+12,3744196824,5561412,86499.84759,1857345194,0,582
1.66E+12,21368.05,21819.88,21310.15,21559.04,169915.783,1.66E+12,3672148287,5618785,84555.07067,1827390010,0,583
1.66E+12,21559.04,21886.77,20107.9,20241.05,273811.6196,1.66E+12,5785149465,7587244,135780.7251,2869440465,0,584
1.66E+12,20239.14,20402.93,19800,20037.6,162582.4603,1.66E+12,3269764074,5263328,80922.99413,1627546029,0,585
1.66E+12,20037.6,20171.18,19520,19555.61,139307.9598,1.66E+12,2781133881,4678693,69363.5072,1384969094,0,586
1.66E+12,19555.61,20433.62,19550.79,20285.73,210509.4955,1.66E+12,4211334409,5840323,105809.8625,2116902111,0,587
1.66E+12,20287.2,20576.25,19540,19811.66,256634.3553,1.66E+12,5157974827,6593178,126919.0792,2551087937,0,588
1.66E+12,19813.03,20490,19797.94,20050.02,276946.6077,1.66E+12,5595829094,6389133,140474.4604,2838456436,0,589
1.66E+12,20048.44,20208.37,19565.66,20131.46,245289.9726,1.66E+12,4893158532,5937975,121158.4863,2417157340,0,590
1.66E+12,20132.64,20441.26,19755.29,19951.86,245986.6033,1.66E+12,4946889820,5740705,122616.9075,2466027769,0,591
1.66E+12,19950.98,20055.93,19652.72,19831.9,146639.032,1.66E+12,2908816275,3739909,72556.83777,1439326778,0,592
1.66E+12,19832.45,20029.23,19583.1,20000.3,145588.7789,1.66E+12,2883227667,3838915,72789.26129,1441735600,0,593
1.66E+12,20000.3,20057.27,19633.83,19796.84,222543.0106,1.66E+12,4404971192,4657233,110786.0542,2193009372,0,594
1.66E+12,19795.34,20180,18649.51,18790.61,356315.0572,1.66E+12,6976809188,7124384,175781.8447,3443135959,0,595
1.66E+12,18790.61,19464.06,18510.77,19292.84,287394.7788,1.66E+12,5436827909,5597127,142700.9644,2700094091,0,596
1.66E+12,19292.85,19458.25,19012,19319.77,262813.2827,1.66E+12,5057217167,6013826,131429.4587,2529247772,0,597
1.66E+12,19320.54,21597.22,19291.75,21360.11,428919.7465,1.66E+12,8929831333,7777214,217979.2414,4537141164,0,598
1.66E+12,21361.62,21810.8,21111.13,21648.34,307997.335,1.66E+12,6589753119,5615783,154171.0413,3298995539,0,599
1.66E+12,21647.21,21860,21350,21826.87,280702.5515,1.66E+12,6064643643,4801844,141171.8812,3050253458,0,600
1.66E+12,21826.87,22488,21538.51,22395.74,395395.6183,1.66E+12,8743762683,6979539,199489.5406,4411479060,0,601
1.66E+12,22395.44,22799,19860,20173.57,431915.0333,1.66E+12,9302239274,8126869,217144.5425,4679543995,0,602
1.66E+12,20173.62,20541.48,19617.62,20226.71,340826.4015,1.66E+12,6886235197,6313052,169670.5317,3428396494,0,603
1.66E+12,20227.17,20330.24,19497,19701.88,333069.7608,1.66E+12,6655264974,6690974,165652.7291,3310217930,0,604
1.66E+12,19701.88,19890,19320.01,19803.3,283791.0706,1.66E+12,5584012914,5120935,141085.2054,2776292772,0,605
1.66E+12,19803.3,20189,19748.08,20113.62,179350.2434,1.66E+12,3578667843,3862666,89621.58733,1788389852,0,606
1.66E+12,20112.61,20117.26,19335.62,19416.18,254217.469,1.66E+12,5033968948,4634096,124480.5965,2465062846,0,607
1.66E+12,19417.45,19686.2,18232.56,19537.02,380512.4031,1.66E+12,7215196796,6820580,189241.2907,3589311749,0,608
1.66E+12,19537.02,19634.62,18711.87,18875,324098.3286,1.66E+12,6206043205,5900070,160716.3304,3077612901,0,609
1.66E+12,18874.31,19956,18125.98,18461.36,385034.1002,1.66E+12,7338667640,6907777,190299.4714,3628361587,0,610
1.66E+12,18461.36,19550.17,18356.39,19401.63,379321.7211,1.66E+12,7203741481,6251862,190987.3215,3627123697,0,611
1.66E+12,19401.63,19500,18531.42,19289.91,385886.9183,1.66E+12,7330336009,5906265,194842.0877,3701394517,0,612
1.66E+12,19288.57,19316.14,18805.34,18920.5,239496.5675,1.66E+12,4568927984,3907636,120501.3057,2298979763,0,613
1.66E+12,18921.99,19180.21,18629.2,18807.38,191191.4492,1.66E+12,3625136714,3714450,94989.39646,1801229612,0,614
1.66E+12,18809.13,19318.96,18680.72,19227.82,439239.2194,1.66E+12,8356951610,5837041,220623.2991,4198006045,0,615
1.66E+12,19226.68,20385.86,18816.32,19079.13,593260.7416,1.66E+12,11705770261,8152473,296727.7106,5856646101,0,616
1.66E+12,19078.1,19790,18471.28,19412.82,521385.4555,1.66E+12,9964460007,7357437,260944.3812,4988233394,0,617
1.66E+12,19412.82,19645.52,18843.01,19591.51,406424.9326,1.66E+12,7868786415,5631615,203187.5755,3934342925,0,618
1.66E+12,19590.54,20185,19155.36,19422.61,444322.9534,1.66E+12,8694127254,6254203,220029.8458,4304848630,0,619
1.66E+12,19422.61,19484,19159.42,19310.95,165625.1396,1.66E+12,3200350295,2470590,82734.18388,1598688568,0,620
1.66E+12,19312.24,19395.91,18920.35,19056.8,206812.4703,1.66E+12,3970724800,3320217,102972.1601,1977186000,0,621
1.66E+12,19057.74,19719.1,18959.68,19629.08,293585.7521,1.66E+12,5672105806,4471910,147383.9361,2847846726,0,622
1.66E+12,19629.08,20475,19490.6,20337.82,327012.0013,1.66E+12,6533428230,4871932,165646.2649,3309936013,0,623
1.66E+12,20337.82,20365.6,19730,20158.26,312239.7522,1.67E+12,6275437161,4540004,155249.4533,3120338866,0,624
1.67E+12,20158.26,20456.6,19853,19960.67,320122.1702,1.67E+12,6452892402,5085004,161557.8985,3256881317,0,625
1.67E+12,19960.67,20068.82,19320,19530.09,220874.8391,1.67E+12,4353681484,4324772,109800.4958,2164491136,0,626
1.67E+12,19530.09,19627.38,19237.14,19417.96,102480.0984,1.67E+12,1995917002,2637385,50775.11492,988952773.2,0,627
1.67E+12,19416.52,19558,19316.04,19439.02,113900.8268,1.67E+12,2215007204,2833704,57166.25996,1111737800,0,628
1.67E+12,19439.96,19525,19020.25,19131.87,212509.0985,1.67E+12,4101745483,4432688,104849.4097,2023908023,0,629
1.67E+12,19131.87,19268.09,18860,19060,243473.8429,1.67E+12,4642843396,4792106,121218.6832,2311676809,0,630
1.67E+12,19060,19238.31,18965.88,19155.53,213826.2673,1.67E+12,4086903622,4556597,106608.7184,2037738508,0,631
1.67E+12,19155.1,19513.79,18190,19375.13,399756.6834,1.67E+12,7554309475,7470896,199869.159,3777964473,0,632
1.67E+12,19375.58,19951.87,19070.37,19176.93,351634.326,1.67E+12,6877621835,6688310,175798.3676,3438783887,0,633
1.67E+12,19176.93,19227.68,18975.18,19069.39,113847.6423,1.67E+12,2178316066,3052219,56109.00376,1073637477,0,634
1.67E+12,19068.4,19425.84,19063.74,19262.98,131894.6189,1.67E+12,2531545363,3438605,66536.80449,1277129234,0,635
1.67E+12,19262.98,19676.96,19152.03,19549.86,222813.8763,1.67E+12,4331666396,5162979,111854.0053,2174642990,0,636
1.67E+12,19548.48,19706.66,19091,19327.44,260313.0785,1.67E+12,5065944973,5588482,129478.2563,2520037026,0,637
1.67E+12,19327.44,19360.16,19065.97,19123.97,186137.2954,1.67E+12,3575041318,4545820,92346.11007,1773769909,0,638
1.67E+12,19123.35,19347.82,18900,19041.92,223530.1307,1.67E+12,4276025724,5391090,110662.16,2117089562,0,639
1.67E+12,19041.92,19250,18650,19164.37,269310.7577,1.67E+12,5126619488,5679281,133589.0192,2543268175,0,640
1.67E+12,19164.37,19257,19112.72,19204.35,110403.9084,1.67E+12,2117395641,2887106,54134.08243,1038228039,0,641
1.67E+12,19204.29,19695,19070.11,19570.4,167057.2018,1.67E+12,3233393909,3939703,84465.80483,1635057403,0,642
1.67E+12,19570.4,19601.15,19157,19329.72,256168.1447,1.67E+12,4957159177,5676899,126808.683,2453987281,0,643
1.67E+12,19330.6,20415.87,19237,20080.07,326370.6706,1.67E+12,6454151277,7214687,163350.8053,3230612091,0,644
1.67E+12,20079.02,21020,20050.41,20771.59,380492.6958,1.67E+12,7833551674,8512349,190912.9643,3930265901,0,645
1.67E+12,20771.61,20872.21,20200,20295.11,328643.5779,1.67E+12,6771209922,7748080,163139.4799,3361632657,0,646
1.67E+12,20295.11,20750,20000.09,20591.84,287039.9457,1.67E+12,5849603406,6638096,143078.2528,2915977523,0,647
1.67E+12,20591.84,21085,20554.01,20809.67,254881.7776,1.67E+12,5303038321,6255599,127941.5636,2662029300,0,648
1.67E+12,20809.68,20931.21,20515,20627.48,192795.6089,1.67E+12,3994389493,4920007,96047.94574,1990076845,0,649
1.67E+12,20627.48,20845.92,20237.95,20490.74,303567.6163,1.67E+12,6226304300,6571526,151222.2965,3101777764,0,650
1.67E+12,20490.74,20700,20330.74,20483.62,279932.4377,1.67E+12,5740102555,5971938,139277.9471,2856018096,0,651
1.67E+12,20482.81,20800,20048.04,20151.84,373716.273,1.67E+12,7633404092,7431698,185785.9721,3795164791,0,652
1.67E+12,20151.84,20393.32,20031.24,20207.82,319185.1544,1.67E+12,6461673165,6948227,159939.6187,3237968703,0,653
1.67E+12,20207.12,21302.05,20180.96,21148.52,453694.3917,1.67E+12,9409862205,9249613,227403.7076,4716670352,0,654
1.67E+12,21148.52,21480.65,21080.65,21299.37,245621.9853,1.67E+12,5240395529,5570832,123030.3616,2624930077,0,655
1.67E+12,21299.37,21365.27,20886.13,20905.58,230036.9722,1.67E+12,4877535058,5268210,114034.0669,2418047872,0,656
1.67E+12,20905.58,21069.77,20384.89,20591.13,386977.6034,1.67E+12,8035052132,8344242,191603.3202,3978525725,0,657
1.67E+12,20590.67,20700.88,17166.83,18547.23,760705.3628,1.67E+12,14758384310,14530601,374775.5741,7271200924,0,658
1.67E+12,18545.38,18587.76,15588,15922.81,731926.9297,1.67E+12,12737719697,13605474,358702.789,6245795115,0,659
1.67E+12,15922.68,18199,15754.26,17601.15,608448.3643,1.67E+12,10323294544,12719887,302898.8476,5141663571,0,660
1.67E+12,17602.45,17695,16361.6,17070.31,393552.8649,1.67E+12,6725273823,9900073,197414.6962,3374092513,0,661
1.67E+12,17069.98,17119.1,16631.39,16812.08,167819.9604,1.67E+12,2827930561,5046837,83267.92293,1403236128,0,662
1.67E+12,16813.16,16954.28,16229,16329.85,184960.7885,1.67E+12,3074280132,5382834,91914.44893,1527844646,0,663
1.67E+12,16331.78,17190,15815.21,16619.46,380210.7775,1.67E+12,6273920325,9215128,189502.4125,3127495594,0,664
1.67E+12,16617.72,17134.69,16527.72,16900.57,282461.8439,1.67E+12,4758545356,7200265,141015.7066,2375750102,0,665
1.67E+12,16900.57,17015.92,16378.61,16662.76,261493.4081,1.67E+12,4362538339,6297404,129644.7224,2162757429,0,666
1.67E+12,16661.61,16751,16410.74,16692.56,228038.9787,1.67E+12,3785204632,5352083,113347.3977,1881536908,0,667
1.67E+12,16692.56,17011,16546.04,16700.45,214224.1818,1.67E+12,3588467560,5114799,106366.3557,1781845353,0,668
1.67E+12,16699.43,16822.41,16553.53,16700.68,104963.1556,1.67E+12,1747627888,3142123,52397.34048,872445362.1,0,669
1.67E+12,16700.68,16753.33,16180,16280.23,154842.1348,1.67E+12,2561165772,4557344,75959.10991,1256443330,0,670
1.67E+12,16279.5,16319,15476,15781.29,324096.9978,1.67E+12,5188798317,7440871,159995.4646,2561914109,0,671
1.67E+12,15781.29,16315,15616.63,16226.94,239548.0662,1.67E+12,3823612604,6276097,119384.4708,1905917090,0,672
1.67E+12,16227.96,16706,16160.2,16603.11,264927.7041,1.67E+12,4368042619,6260616,132804.3763,2189676204,0,673
1.67E+12,16603.11,16812.63,16458.05,16598.95,206565.9235,1.67E+12,3431724406,5031851,103203.3193,1714660567,0,674
1.67E+12,16599.55,16666,16342.81,16522.14,182089.4953,1.67E+12,3003553172,4396465,90187.55597,1487718711,0,675
1.67E+12,16521.35,16701.99,16385,16458.57,181804.8167,1.67E+12,3011990388,3817130,89646.23245,1485219997,0,676
1.67E+12,16457.61,16600,16401,16428.78,162025.4761,1.67E+12,2679048566,3362221,80097.04098,1324406074,0,677
1.67E+12,16428.77,16487.04,15995.27,16212.91,252695.4037,1.67E+12,4096398587,5570407,125766.8064,2038825207,0,678
1.67E+12,16212.18,16548.71,16100,16442.53,248106.2501,1.67E+12,4072651067,5206638,123715.1404,2030827592,0,679
1.67E+12,16442.91,17249,16428.3,17163.64,303019.8072,1.67E+12,5123595200,6519330,151764.5729,2566042183,0,680
1.67E+12,17165.53,17324,16855.01,16977.37,232818.1822,1.67E+12,3972607180,5097720,116018.8887,1979692808,0,681
1.67E+12,16978,17105.73,16787.85,17092.74,202372.2062,1.67E+12,3432385162,4305515,99556.14105,1688510144,0,682
1.67E+12,17092.13,17188.98,16858.74,16885.2,154542.5731,1.67E+12,2622504253,3308694,76214.56604,1293351463,0,683
1.67E+12,16885.2,17202.84,16878.25,17105.7,178619.1339,1.67E+12,3040020095,3948990,89359.35165,1520945572,0,684
1.67E+12,17106.65,17424.25,16867,16966.35,233703.2923,1.67E+12,4015334797,5138207,115508.1992,1984551471,0,685
1.67E+12,16966.35,17107.01,16906.37,17088.96,218730.7688,1.67E+12,3717926010,4416864,108449.5414,1843473775,0,686
1.67E+12,17088.96,17142.21,16678.83,16836.64,220657.4133,1.67E+12,3723206794,4284989,107803.052,1819002376,0,687
1.67E+12,16836.64,17299,16733.49,17224.1,236417.978,1.67E+12,4009427525,4520282,117238.7569,1988377121,0,688
1.67E+12,17224.1,17360,17058.21,17128.56,238422.0647,1.67E+12,4097973426,4282003,118031.9136,2028743141,0,689
1.67E+12,17128.56,17227.72,17092,17127.49,140573.9794,1.67E+12,2411933259,3032257,70355.34064,1207126756,0,690
1.67E+12,17127.49,17270.99,17071,17085.05,155286.4787,1.67E+12,2663686104,3260722,77740.37478,1333501725,0,691
1.67E+12,17085.05,17241.89,16871.85,17209.83,226227.4969,1.67E+12,3844787581,4463916,112286.9441,1908405024,0,692
1.67E+12,17208.93,18000,17080.14,17774.7,284462.9139,1.67E+12,4983896040,6242080,143922.8494,2521692887,0,693
1.67E+12,17775.82,18387.95,17660.94,17803.15,266681.2221,1.67E+12,4779915721,5743730,133308.1124,2389606670,0,694
1.67E+12,17804.01,17854.82,17275.51,17356.34,223701.9688,1.67E+12,3923378678,4789226,110193.6364,1932609297,0,695
1.67E+12,17356.96,17531.73,16527.32,16632.12,253379.0412,1.67E+12,4308933188,5703001,123374.8342,2098188985,0,696
1.67E+12,16631.5,16796.82,16579.85,16776.52,144825.6668,1.67E+12,2417851422,3905843,72289.66495,1206885684,0,697
1.67E+12,16777.54,16863.26,16663.07,16738.21,112619.3165,1.67E+12,1884666030,3369193,55539.12922,929480021.4,0,698
1.67E+12,16739,16815.99,16256.3,16438.88,179094.2831,1.67E+12,2981094033,4681887,87610.2351,1458309481,0,699
1.67E+12,16438.88,17061.27,16397.2,16895.56,248808.9232,1.67E+12,4176995654,5945803,124217.3859,2085423622,0,700
1.67E+12,16896.15,16925,16723,16824.67,156810.9636,1.67E+12,2638528724,4375570,77675.35979,1307019850,0,701
1.67E+12,16824.68,16868.52,16559.85,16821.43,176044.2724,1.67E+12,2949612072,4678640,87573.90221,1467281599,0,702
1.67E+12,16821.9,16955.14,16731.13,16778.5,161612.0095,1.67E+12,2720021934,4561020,81034.18553,1363871436,0,703
1.67E+12,16778.52,16869.99,16776.62,16836.12,100224.291,1.67E+12,1686757295,3076985,49578.22304,834395051.3,0,704
1.67E+12,16835.73,16857.96,16721,16832.11,125441.072,1.67E+12,2108857873,3570157,62073.54114,1043560797,0,705
1.67E+12,16832.11,16944.52,16791,16919.39,124564.0066,1.67E+12,2099037539,3915571,61741.18011,1040420821,0,706
1.67E+12,16919.39,16972.83,16592.37,16706.36,173749.5862,1.67E+12,2918379510,5047628,86096.58586,1446098275,0,707
1.67E+12,16706.06,16785.19,16465.33,16547.31,193037.5658,1.67E+12,3210894237,5465468,96118.18717,1598767893,0,708
1.67E+12,16547.32,16664.41,16488.91,16633.47,160998.4716,1.67E+12,2671665748,4553877,80977.62443,1343799863,0,709
1.67E+12,16633.47,16677.35,16333,16607.48,164916.3117,1.67E+12,2726831057,4310415,82170.4749,1358631101,0,710
1.67E+12,16607.48,16644.09,16470,16542.4,114490.4286,1.67E+12,1897047505,3344374,57021.06919,944834393.3,0,711
1.67E+12,16541.77,16628,16499.01,16616.75,96925.41374,1.67E+12,1604793790,3218355,48548.78168,803841673.8,0,712
1.67E+12,16617.17,16799.23,16548.7,16672.87,121888.5719,1.67E+12,2034683215,4036118,60925.25948,1017074781,0,713
1.67E+12,16672.78,16778.4,16605.28,16675.18,159541.5373,1.67E+12,2662765916,5097596,79595.76246,1328471403,0,714
1.67E+12,16675.65,16991.87,16652.66,16850.36,220362.1886,1.67E+12,3709833210,6310703,109747.115,1847617011,0,715
1.67E+12,16850.36,16879.82,16753,16831.85,163473.5664,1.67E+12,2751080254,4842014,80959.57162,1362471754,0,716
1.67E+12,16831.85,17041,16679,16950.65,207401.2842,1.67E+12,3490305010,5388661,103320.2297,1738828235,0,717
1.67E+12,16950.31,16981.91,16908,16943.57,104526.5688,1.67E+12,1770201710,3227161,51624.83107,874295207.6,0,718
1.67E+12,16943.83,17176.99,16911,17127.83,135155.897,1.67E+12,2291925700,4036092,67200.6025,1139647003,0,719
1.67E+12,17127.83,17398.8,17104.66,17178.26,266211.5272,1.67E+12,4590284351,6327667,131748.5252,2271681165,0,720
1.67E+12,17179.04,17499,17146.34,17440.66,221382.4258,1.67E+12,3829247654,5448751,109377.4561,1891995855,0,721
1.67E+12,17440.64,18000,17315.6,17943.26,262221.6065,1.67E+12,4586965947,5627464,129944.5693,2273368097,0,722
1.67E+12,17943.26,19117.04,17892.05,18846.62,454568.3218,1.67E+12,8348431208,8911373,227295.3317,4174813798,0,723
1.67E+12,18846.62,20000,18714.12,19930.01,368615.8782,1.67E+12,7061633461,8021774,183448.8938,3515300890,0,724
1.67E+12,19930.01,21258,19888.05,20954.92,393913.7495,1.67E+12,8183071567,8659545,197817.5521,4109568162,0,725
1.67E+12,20952.76,21050.74,20551.01,20871.5,178542.2255,1.67E+12,3710526606,5194354,88310.83908,1835436632,0,726
1.67E+12,20872.99,21474.05,20611.48,21185.65,293078.0826,1.67E+12,6168654053,6856434,145352.6694,3059597458,0,727
1.67E+12,21185.65,21647.45,20841.31,21134.81,275407.7441,1.67E+12,5840585769,6440138,137121.6431,2908227174,0,728
1.67E+12,21132.29,21650,20407.15,20677.47,350916.0195,1.67E+12,7399719195,7617173,173174.4169,3652037808,0,729
1.67E+12,20677.47,20874.81,20659.19,20843.06,60137.04466,1.67E+12,1248981941,1593848,30191.167,627055083.4,0,730
